workerId,status,modality,StartDate,EndDate,Age,Education,Gender,AI.Knowledge,AI.Knowledge.2,comprehension1,comprehension2,comprehension3,comprehension4,comprehension5,comprehension6,comprehension7,comprehension8,comprehension9,comprehension10,Attention1,Attention2,Attention3,Praise_Driver,Praise_AI,Responsibility_Driver,Responsibility_AI,Cause_Driver,Cause_AI,Counterfactual_Driver,Counterfactual_AI,Perception_AI,comprehension_errors
A7I3G380E29VE,Active,SensoryAI,2022-04-04 14:58:56,2022-04-04 15:01:47,35 - 44,high school,Male,Somewhat familiar,A little,Yes,No,No,No,No,No,No,Yes,Yes,Yes,Alex,Yes,tactile vibrations,-32,-100,100,0,68,46,60,52,56,1
A1PBRKFHSF1OF8,Active,LinguisticAI,2022-04-04 14:59:50,2022-04-04 15:02:24,35 - 44,undergraduate,Female,Somewhat familiar,None,Yes,No,No,No,No,No,No,No,Yes,Yes,Alex,Yes,verbal instructions,72,100,69,70,47,44,99,35,98,0
A2EED3HLTA96CP,Inactive,LinguisticAI,2022-04-04 15:00:16,2022-04-04 15:02:28,35 - 44,undergraduate,Female,Somewhat familiar,Moderate,Yes,No,No,No,No,No,No,No,Yes,Yes,Alex,No,verbal instructions,92,-99,64,-96,99,-97,99,100,31,0
A58GP5CIF6DJ5,Active,SensoryAI,2022-04-04 15:00:31,2022-04-04 15:02:38,35 - 44,high school,Female,Completely familiar,None,Yes,No,No,No,No,No,No,No,Yes,Yes,Alex,Yes,tactile vibrations,100,100,100,100,100,100,100,-100,100,0
AHKRGPN5D3I2G,Inactive,SensoryAI,2022-04-04 14:59:26,2022-04-04 15:03:06,25 - 34,undergraduate,Male,Somewhat familiar,Significant,Yes,No,No,No,Yes,No,No,Yes,Yes,Yes,Alex,No,visual lights,96,70,97,-63,83,-71,88,-51,81,2
A1EQ60VAICF0S7,Inactive,LinguisticAI,2022-04-04 14:59:52,2022-04-04 15:03:08,35 - 44,graduate,Male,Neither familiar  nor unfamiliar,Moderate,Yes,No,No,No,No,No,No,No,Yes,Yes,Alex,No,verbal instructions,100,-100,100,34,100,-100,100,100,100,0
A1HYNHJLCLVXJT,Inactive,SensoryAI,2022-04-04 15:00:00,2022-04-04 15:04:21,45 - 54,high school,Male,Completely familiar,A little,Yes,No,No,No,No,No,No,No,Yes,Yes,Alex,No,tactile vibrations,100,-100,100,-100,100,-100,12,34,100,0
A3I01W6R600QH9,Active,LinguisticAI,2022-04-04 14:59:54,2022-04-04 15:05:16,35 - 44,undergraduate,Female,Somewhat familiar,Moderate,Yes,No,No,No,No,No,No,No,Yes,Yes,Alex,Yes,verbal instructions,-88,87,-18,99,8,100,71,-48,100,0
A10BH9PYCYUKDJ,Active,LinguisticAI,2022-04-04 14:59:55,2022-04-04 15:05:20,35 - 44,undergraduate,Female,Somewhat familiar,None,Yes,No,No,No,No,No,No,No,Yes,Yes,Alex,Yes,verbal instructions,35,100,-100,100,32,100,100,2,100,0
A1WPGNK8Y65BV3,Inactive,SensoryAI,2022-04-04 15:00:01,2022-04-04 15:05:51,25 - 34,undergraduate,Female,Somewhat familiar,Moderate,Yes,No,No,No,No,No,No,No,Yes,Yes,Alex,No,tactile vibrations,47,-100,100,-32,100,-100,25,2,72,0
A10T0161B70BXP,Active,SensoryAI,2022-04-04 15:03:55,2022-04-04 15:06:55,25 - 34,high school,Male,Somewhat familiar,None,Yes,No,No,No,No,No,Yes,No,Yes,Yes,Alex,Yes,tactile vibrations,16,74,18,43,24,72,25,10,80,1
AUEJMX0TY8E0G,Inactive,SensoryAI,2022-04-04 14:59:56,2022-04-04 15:10:17,25 - 34,undergraduate,Male,Somewhat familiar,None,Yes,No,No,No,No,No,No,No,Yes,Yes,Alex,No,tactile vibrations,58,-66,75,-73,74,-100,52,18,100,0
A1SEVTXYQZVVKX,Active,SensoryAI,2022-04-04 15:04:26,2022-04-04 15:10:53,35 - 44,undergraduate,Female,Somewhat familiar,A little,Yes,Yes,No,No,No,No,No,Yes,Yes,Yes,Alex,Yes,verbal instructions,35,38,38,41,47,45,39,34,68,2
A1ZK3LRUC4ICY7,Inactive,SensoryAI,2022-04-04 15:11:27,2022-04-04 15:14:56,Over 55,high school,Male,Somewhat familiar,A little,Yes,No,No,No,No,No,No,No,Yes,Yes,Alex,No,verbal instructions,81,-73,89,-75,99,-65,74,57,86,0
A49MD40UT6ABO,Inactive,LinguisticAI,2022-04-04 15:17:03,2022-04-04 15:19:00,25 - 34,undergraduate,Female,Neither familiar  nor unfamiliar,None,Yes,No,No,No,No,No,No,No,Yes,Yes,Alex,No,verbal instructions,77,-100,65,-100,67,-100,36,17,68,0
A2RBVMD2HTBCZ9,Active,LinguisticAI,2022-04-04 15:20:33,2022-04-04 15:23:08,25 - 34,graduate,Female,Somewhat familiar,Significant,Yes,No,No,No,No,No,No,No,Yes,Yes,Alex,Yes,verbal instructions,86,100,68,69,68,68,100,0,100,0
A3KACB3ERCT0DG,Inactive,LinguisticAI,2022-04-04 15:21:01,2022-04-04 15:24:09,45 - 54,high school,Female,Somewhat familiar,None,Yes,No,No,No,Yes,No,No,No,Yes,Yes,Alex,No,verbal instructions,46,-71,69,-67,71,-71,70,-67,70,1
A1WJGO38GJ99ZS,Inactive,SensoryAI,2022-04-04 15:22:07,2022-04-04 15:25:13,25 - 34,high school,Female,Somewhat familiar,Moderate,Yes,No,No,No,Yes,No,Yes,No,Yes,Yes,Alex,No,tactile vibrations,100,-100,100,-100,100,-100,-100,2,100,2
A1TW2BZRRS874Z,Active,LinguisticAI,2022-04-04 15:23:55,2022-04-04 15:26:55,35 - 44,undergraduate,Male,Completely familiar,Moderate,Yes,No,No,No,No,No,No,No,Yes,Yes,Alex,Yes,verbal instructions,3,-1,41,45,39,44,73,67,85,0
A1N35VV9QURKHX,Active,SensoryAI,2022-04-04 15:18:49,2022-04-04 15:27:30,45 - 54,undergraduate,Female,Completely familiar,None,Yes,No,No,No,No,No,No,Yes,Yes,Yes,Alex,Yes,tactile vibrations,-7,100,1,79,2,67,100,-100,100,1
A314XJY8V1YL12,Inactive,LinguisticAI,2022-04-04 15:23:00,2022-04-04 15:28:15,45 - 54,graduate,Female,Somewhat familiar,None,Yes,No,No,No,No,No,No,Yes,Yes,Yes,Alex,No,verbal instructions,100,-15,92,-63,99,-75,48,35,90,1
A19F9CLZ0XWBYR,Inactive,SensoryAI,2022-04-04 15:33:52,2022-04-04 15:35:34,25 - 34,high school,Female,Somewhat familiar,None,Yes,No,No,No,No,No,No,No,Yes,Yes,Alex,No,verbal instructions,95,-73,70,-90,69,-80,60,-28,45,0
A1I72NHC21347A,Active,LinguisticAI,2022-04-04 15:44:47,2022-04-04 15:47:48,Over 55,high school,Female,Somewhat unfamiliar,None,Yes,No,Yes,No,No,No,No,No,Yes,Yes,Alex,Yes,verbal instructions,21,57,5,14,55,73,8,6,63,1
AOWW3URQNRJ6U,Inactive,LinguisticAI,2022-04-04 16:06:50,2022-04-04 16:08:32,25 - 34,high school,Male,Somewhat familiar,A little,Yes,No,No,No,No,No,No,No,Yes,Yes,Alex,No,verbal instructions,72,19,82,-48,79,-88,45,19,93,0
A1SZCPDUF1M409,Inactive,SensoryAI,2022-04-04 16:06:56,2022-04-04 16:11:01,35 - 44,high school,Male,Neither familiar  nor unfamiliar,None,Yes,No,No,No,No,No,No,Yes,Yes,Yes,Alex,No,tactile vibrations,70,-100,100,-100,100,-100,100,-69,68,1
A3TBR1AXBDPV3C,Inactive,LinguisticAI,2022-04-04 16:08:47,2022-04-04 16:11:23,25 - 34,high school,Male,Somewhat familiar,None,Yes,No,No,No,No,No,Yes,No,Yes,Yes,Alex,No,verbal instructions,100,-100,100,-100,100,-100,77,-100,100,1
A1DT7XOW0ISK0K,Active,SensoryAI,2022-04-04 16:05:18,2022-04-04 16:15:19,25 - 34,high school,Male,Somewhat familiar,Moderate,Yes,No,No,No,No,No,No,No,Yes,Yes,Alex,Yes,visual lights,100,100,100,100,100,100,100,100,100,0
AFJFYJZ849YOZ,Active,LinguisticAI,2022-04-04 16:18:05,2022-04-04 16:24:00,18 - 24,high school,Female,Neither familiar  nor unfamiliar,None,Yes,No,No,No,No,No,No,No,Yes,Yes,Alex,Yes,verbal instructions,57,-5,45,10,41,18,50,33,80,0
A2PBRGT71DUYOY,Active,LinguisticAI,2022-04-04 16:30:08,2022-04-04 16:33:30,25 - 34,undergraduate,Female,Neither familiar  nor unfamiliar,None,Yes,No,No,No,No,No,No,Yes,Yes,Yes,Alex,Yes,verbal instructions,2,-1,52,-43,36,33,33,33,66,1
AAS0V105QISPM,Inactive,LinguisticAI,2022-04-04 16:31:35,2022-04-04 16:34:24,25 - 34,graduate,Female,Somewhat familiar,A little,Yes,No,No,No,No,No,No,No,Yes,Yes,Alex,No,verbal instructions,2,-100,100,-100,100,-100,36,-100,2,0
A1DIW2K1J89CMO,Inactive,SensoryAI,2022-04-04 17:10:18,2022-04-04 17:12:26,25 - 34,high school,Female,Completely unfamiliar,A little,Yes,No,No,No,No,No,No,No,Yes,Yes,Alex,No,tactile vibrations,88,-100,100,-100,100,-100,100,30,100,0
ADIXVUPICNIY4,Active,SensoryAI,2022-04-04 23:02:45,2022-04-04 23:05:11,25 - 34,high school,Male,Somewhat familiar,A little,Yes,No,No,No,No,No,Yes,No,Yes,Yes,Alex,Yes,tactile vibrations,66,99,65,100,68,100,65,32,100,1
A39K5MR4MCSC56,Inactive,LinguisticAI,2022-04-04 23:02:33,2022-04-04 23:05:15,25 - 34,undergraduate,Male,Somewhat familiar,Extensive,Yes,No,No,No,No,No,No,No,Yes,Yes,Alex,No,verbal instructions,2,-100,40,-100,59,-100,68,-100,42,0
A1WR3WTEHJEY2D,Active,LinguisticAI,2022-04-04 23:03:04,2022-04-04 23:06:19,35 - 44,undergraduate,Female,Somewhat familiar,None,Yes,No,No,No,No,No,No,No,Yes,Yes,Alex,Yes,verbal instructions,-22,80,24,75,25,75,69,38,67,0
AI4AO0O0WIJF7,Active,LinguisticAI,2022-04-04 23:04:45,2022-04-04 23:07:26,45 - 54,high school,Female,Somewhat familiar,None,Yes,No,No,No,No,No,No,No,Yes,Yes,Alex,Yes,verbal instructions,6,50,65,36,100,79,40,37,100,0
A3R5OJR60C6004,Inactive,SensoryAI,2022-04-04 23:02:53,2022-04-04 23:07:36,45 - 54,undergraduate,Male,Somewhat familiar,Moderate,Yes,No,No,No,No,No,No,No,Yes,Yes,Alex,No,tactile vibrations,1,-100,100,-100,100,-100,67,1,65,0
A2RNCA7PK35LHT,Active,SensoryAI,2022-04-04 23:06:12,2022-04-04 23:09:18,35 - 44,undergraduate,Female,Completely familiar,Moderate,Yes,No,No,No,No,No,No,No,Yes,Yes,Alex,Yes,tactile vibrations,49,37,39,39,38,42,55,2,65,0
A1ZLLYRW6GIVC7,Active,LinguisticAI,2022-04-04 23:09:49,2022-04-04 23:13:21,25 - 34,undergraduate,Female,Somewhat familiar,None,Yes,No,No,No,No,No,No,No,No,Yes,Alex,Yes,verbal instructions,21,97,35,74,21,80,28,61,68,1
A15JP0TGZKLNIZ,Active,SensoryAI,2022-04-04 23:12:25,2022-04-04 23:15:33,25 - 34,undergraduate,Male,Somewhat familiar,Moderate,Yes,No,No,No,No,No,No,No,Yes,Yes,Alex,Yes,tactile vibrations,93,100,93,-74,91,-81,93,62,88,0
A1FQGVP8SX5WE2,Inactive,LinguisticAI,2022-04-04 23:11:13,2022-04-04 23:18:48,35 - 44,high school,Male,Somewhat familiar,Moderate,Yes,No,No,No,No,No,No,No,Yes,Yes,Alex,No,verbal instructions,100,-100,100,-100,100,-100,100,-100,100,0
AETIZKQNUSBLB,Active,LinguisticAI,2022-04-04 23:18:46,2022-04-04 23:23:08,25 - 34,undergraduate,Male,Somewhat unfamiliar,Moderate,Yes,No,No,No,No,No,No,No,Yes,Yes,Alex,Yes,verbal instructions,32,100,100,73,68,100,69,3,100,0
ATTGD1M94GFR,Active,SensoryAI,2022-04-04 23:18:53,2022-04-04 23:25:21,35 - 44,graduate,Female,Somewhat familiar,Moderate,Yes,No,No,No,No,Yes,No,Yes,Yes,Yes,Alex,Yes,tactile vibrations,75,100,100,100,100,100,100,-71,100,2
A234UW0G9PMSCC,Active,LinguisticAI,2022-04-04 23:28:56,2022-04-04 23:31:37,25 - 34,high school,Male,Somewhat familiar,A little,Yes,No,No,No,No,No,No,No,Yes,Yes,Alex,Yes,verbal instructions,44,59,32,56,66,70,100,-26,55,0
AIGUVMQQYYKMN,Inactive,SensoryAI,2022-04-04 23:24:50,2022-04-04 23:32:42,25 - 34,high school,Male,Completely familiar,None,Yes,No,No,No,No,No,No,No,Yes,Yes,Alex,No,tactile vibrations,-1,-100,100,-69,100,-100,100,-70,100,0
A8UJNIY9R8S7W,Active,SensoryAI,2022-04-04 23:29:28,2022-04-04 23:35:27,25 - 34,undergraduate,Male,Somewhat familiar,None,Yes,No,No,No,No,No,Yes,No,Yes,Yes,Alex,Yes,tactile vibrations,59,100,23,68,62,68,100,66,64,1
A36MOV8E6SYHCR,Inactive,LinguisticAI,2022-04-04 23:37:46,2022-04-04 23:42:08,35 - 44,high school,Male,Somewhat familiar,Moderate,Yes,No,No,No,No,No,Yes,No,Yes,Yes,Alex,No,verbal instructions,100,-53,100,-40,100,-26,26,79,100,1
AYW62R027PUT1,Inactive,LinguisticAI,2022-04-04 23:41:50,2022-04-04 23:47:19,45 - 54,undergraduate,Male,Completely familiar,Significant,Yes,No,No,No,No,No,No,No,Yes,Yes,Alex,No,verbal instructions,41,-100,18,-100,39,-100,100,39,100,0
A12VDN3TJJCAQQ,Active,LinguisticAI,2022-04-04 23:44:49,2022-04-04 23:47:38,25 - 34,high school,Male,Neither familiar  nor unfamiliar,A little,Yes,Yes,No,No,No,No,No,No,Yes,Yes,Alex,Yes,verbal instructions,-16,36,26,22,32,35,1,-62,71,1
AYPOAY43REHC8,Inactive,SensoryAI,2022-04-04 23:46:55,2022-04-04 23:51:34,45 - 54,undergraduate,Female,Somewhat familiar,A little,Yes,No,No,No,No,No,Yes,No,Yes,Yes,Alex,No,tactile vibrations,100,-100,100,-100,100,-100,100,-100,100,1
AWTGJ45ZWUCHH,Active,SensoryAI,2022-04-04 23:39:42,2022-04-04 23:53:04,25 - 34,high school,Female,Completely familiar,None,Yes,No,No,No,No,No,No,No,Yes,Yes,Alex,Yes,tactile vibrations,50,70,67,42,45,55,100,70,100,0
A3FKXJVH0K2E3E,Inactive,LinguisticAI,2022-04-04 23:53:51,2022-04-04 23:56:50,Over 55,high school,Male,Completely familiar,None,Yes,No,No,No,Yes,No,No,No,Yes,Yes,Alex,No,visual lights,100,-100,100,-100,100,-100,2,-100,68,1
A1NRU6IWDB54SF,Active,SensoryAI,2022-04-04 23:58:41,2022-04-05 00:01:27,18 - 24,undergraduate,Male,Somewhat familiar,Significant,Yes,No,No,No,No,No,No,No,Yes,Yes,Alex,Yes,tactile vibrations,42,3,12,4,24,35,25,27,30,0
A1AXN8VOE1LBL3,Active,LinguisticAI,2022-04-05 00:02:44,2022-04-05 00:05:50,35 - 44,undergraduate,Male,Somewhat familiar,A little,Yes,No,No,No,No,No,No,No,Yes,Yes,Alex,Yes,verbal instructions,76,70,90,61,69,52,88,1,88,0
AZU9D7YLCTAYV,Inactive,SensoryAI,2022-04-05 00:07:36,2022-04-05 00:10:30,35 - 44,undergraduate,Female,Somewhat familiar,None,Yes,No,No,No,No,No,Yes,No,Yes,Yes,Alex,No,tactile vibrations,59,-100,100,-100,100,-100,100,-100,100,1
A7SXWHGK8B40R,Inactive,LinguisticAI,2022-04-05 00:09:45,2022-04-05 00:11:19,18 - 24,undergraduate,Male,Somewhat familiar,Moderate,Yes,No,Yes,No,No,No,No,No,Yes,Yes,Alex,No,verbal instructions,100,-100,70,-100,100,-100,-100,100,100,1
A2OPYRV3GLAPS1,Inactive,SensoryAI,2022-04-05 00:11:14,2022-04-05 00:13:35,25 - 34,graduate,Male,Neither familiar  nor unfamiliar,None,Yes,No,No,No,No,No,No,No,Yes,Yes,Alex,No,tactile vibrations,-33,-100,-35,-100,37,-100,100,-100,100,0
A3NRIEMOJVVX4A,Active,LinguisticAI,2022-04-05 00:15:57,2022-04-05 00:19:58,35 - 44,undergraduate,Male,Somewhat familiar,Moderate,Yes,No,No,No,No,No,No,No,Yes,Yes,Alex,Yes,verbal instructions,-28,29,-40,-13,25,1,36,31,66,0
A7T06JMP6BTDS,Active,SensoryAI,2022-04-05 00:19:48,2022-04-05 00:23:22,25 - 34,high school,Male,Somewhat familiar,None,Yes,No,No,No,No,No,Yes,No,Yes,Yes,Alex,Yes,tactile vibrations,37,66,40,82,33,87,72,-26,85,1
A1E6BPJ54S9T5X,Inactive,LinguisticAI,2022-04-05 00:34:30,2022-04-05 00:37:28,25 - 34,undergraduate,Male,Somewhat familiar,Moderate,Yes,No,No,No,No,No,No,No,Yes,Yes,Alex,No,verbal instructions,-35,-68,70,-100,100,-100,67,67,69,0
A50K26F2IS94U,Inactive,SensoryAI,2022-04-05 00:37:08,2022-04-05 00:40:02,25 - 34,undergraduate,Male,Neither familiar  nor unfamiliar,A little,Yes,No,No,No,No,No,No,No,Yes,Yes,Alex,No,tactile vibrations,100,-100,100,-100,100,-100,65,1,100,0
A2XM2MNPSM2PIY,Active,LinguisticAI,2022-04-05 00:41:10,2022-04-05 00:44:34,25 - 34,high school,Male,Somewhat familiar,None,Yes,No,No,No,No,No,No,No,Yes,Yes,Alex,Yes,verbal instructions,-65,30,-58,49,-54,69,29,-54,63,0
AT49281UZML3X,Active,SensoryAI,2022-04-05 00:42:18,2022-04-05 00:46:56,25 - 34,undergraduate,Female,Somewhat familiar,None,Yes,No,No,No,No,No,No,No,Yes,Yes,Alex,Yes,tactile vibrations,100,100,70,100,70,100,69,33,100,0
APO6KZZ79PO9Q,Inactive,LinguisticAI,2022-04-05 00:48:37,2022-04-05 00:55:51,35 - 44,graduate,Male,Neither familiar  nor unfamiliar,Moderate,Yes,No,No,No,No,No,No,Yes,Yes,Yes,Alex,No,verbal instructions,85,-72,94,-86,85,68,-65,16,86,1
AG0SJW5KHJ0G5,Active,LinguisticAI,2022-04-05 00:52:08,2022-04-05 00:55:52,35 - 44,high school,Male,Completely familiar,A little,Yes,No,No,No,No,No,No,Yes,Yes,Yes,Alex,Yes,verbal instructions,18,100,30,100,37,100,39,-23,100,1
ARB8SJAWXUWTD,Inactive,SensoryAI,2022-04-05 01:03:54,2022-04-05 01:06:09,25 - 34,undergraduate,Male,Neither familiar  nor unfamiliar,A little,Yes,No,No,No,No,No,No,No,Yes,Yes,Alex,No,visual lights,100,-100,100,-100,100,-100,100,-100,100,0
A1P3HHEXWNLJMP,Active,SensoryAI,2022-04-05 02:25:06,2022-04-05 02:31:44,35 - 44,undergraduate,Male,Somewhat familiar,A little,Yes,No,No,No,No,No,No,No,Yes,Yes,Alex,Yes,tactile vibrations,-49,-100,86,71,-1,100,100,34,100,0
A2Z4AGKOD6ZOFC,Inactive,LinguisticAI,2022-04-05 14:58:24,2022-04-05 15:00:08,25 - 34,undergraduate,Male,Somewhat familiar,A little,Yes,No,No,No,No,No,No,No,Yes,Yes,Alex,No,verbal instructions,100,-100,100,-65,100,-100,100,35,100,0
A38DHLB88V8DL8,Active,LinguisticAI,2022-04-05 14:58:41,2022-04-05 15:00:57,45 - 54,undergraduate,Female,Somewhat familiar,None,Yes,No,No,No,No,No,No,No,Yes,Yes,Alex,Yes,verbal instructions,2,85,10,90,30,91,30,18,94,0
A3F90N8YVKJ4I7,Active,SensoryAI,2022-04-05 14:58:38,2022-04-05 15:01:15,35 - 44,undergraduate,Male,Somewhat familiar,None,Yes,No,No,No,No,No,No,No,Yes,Yes,Alex,Yes,tactile vibrations,-15,86,11,84,11,67,68,-85,100,0
A3G3G7SCD88G1J,Inactive,SensoryAI,2022-04-05 14:58:30,2022-04-05 15:01:36,35 - 44,undergraduate,Female,Somewhat unfamiliar,None,Yes,No,No,No,No,No,No,No,Yes,Yes,Alex,No,tactile vibrations,30,-100,100,-100,69,-100,69,34,69,0
AJF954955YWZG,Inactive,SensoryAI,2022-04-05 14:58:30,2022-04-05 15:01:45,25 - 34,undergraduate,Female,Somewhat familiar,Moderate,Yes,No,No,No,No,No,No,No,Yes,Yes,Alex,No,tactile vibrations,100,-100,100,-100,100,-100,100,-100,100,0
AFI2X7JBKB6U6,Inactive,LinguisticAI,2022-04-05 14:58:25,2022-04-05 15:01:55,25 - 34,high school,Male,Somewhat unfamiliar,A little,Yes,No,No,No,No,No,No,No,Yes,Yes,Alex,No,verbal instructions,92,-92,93,-73,94,-3,85,2,62,0
AS4NIEQJWCG3M,Active,LinguisticAI,2022-04-05 14:59:29,2022-04-05 15:01:59,25 - 34,undergraduate,Female,Neither familiar  nor unfamiliar,A little,Yes,No,No,No,No,No,No,No,Yes,Yes,Alex,Yes,verbal instructions,2,2,2,2,8,7,2,12,2,0
A23ONWDSVICDCY,Inactive,LinguisticAI,2022-04-05 14:58:56,2022-04-05 15:02:04,25 - 34,undergraduate,Male,Somewhat familiar,A little,Yes,No,No,No,No,No,No,No,Yes,Yes,Alex,No,verbal instructions,19,-100,100,-100,79,-100,68,-1,100,0
A1R37XA9QPSIAN,Active,LinguisticAI,2022-04-05 14:58:37,2022-04-05 15:02:34,Over 55,high school,Male,Somewhat familiar,Moderate,Yes,No,No,No,No,No,No,No,Yes,Yes,Alex,Yes,verbal instructions,51,91,87,58,85,82,100,20,100,0
A1U1VND9IE9TTA,Active,SensoryAI,2022-04-05 14:58:37,2022-04-05 15:02:50,35 - 44,high school,Male,Somewhat familiar,Moderate,Yes,No,No,No,No,No,No,No,Yes,Yes,Alex,Yes,tactile vibrations,25,100,34,75,28,100,79,54,85,0
A34EHWOYRBL6OZ,Inactive,SensoryAI,2022-04-05 14:58:43,2022-04-05 15:02:52,25 - 34,high school,Female,Completely familiar,Moderate,Yes,No,No,No,No,No,No,No,Yes,Yes,Alex,No,tactile vibrations,33,-100,100,-100,100,-100,100,-44,32,0
A1J4N2SE30LCUH,Inactive,LinguisticAI,2022-04-05 14:58:24,2022-04-05 15:03:02,Over 55,graduate,Male,Somewhat familiar,None,Yes,No,No,No,No,No,No,No,Yes,Yes,Alex,No,verbal instructions,50,-96,88,-90,100,-95,89,-94,87,0
AX7WITN5DWW6U,Inactive,LinguisticAI,2022-04-05 14:59:15,2022-04-05 15:03:37,45 - 54,high school,Male,Somewhat familiar,A little,Yes,No,No,No,No,No,No,No,Yes,Yes,Alex,No,verbal instructions,18,0,100,-100,100,-100,100,34,100,0
A2SL8R5B6QX4Q0,Active,SensoryAI,2022-04-05 15:01:05,2022-04-05 15:03:54,35 - 44,undergraduate,Male,Somewhat familiar,None,Yes,No,No,No,No,No,No,No,Yes,Yes,Alex,Yes,tactile vibrations,37,100,47,70,50,66,100,-100,100,0
AY7WPVKHVNBLG,Inactive,SensoryAI,2022-04-05 14:58:50,2022-04-05 15:04:01,45 - 54,undergraduate,Female,Somewhat familiar,None,Yes,No,No,No,No,No,No,No,Yes,Yes,Alex,No,tactile vibrations,-36,-100,100,-100,100,-100,100,33,100,0
A11SDQ8ZAJ8D24,Active,LinguisticAI,2022-04-05 14:59:39,2022-04-05 15:05:06,Over 55,high school,Female,Somewhat familiar,None,Yes,No,No,No,No,No,No,No,Yes,Yes,Alex,Yes,verbal instructions,1,33,-15,23,3,15,52,22,45,0
AU5RW3OQBKMU7,Inactive,SensoryAI,2022-04-05 15:05:23,2022-04-05 15:07:56,Over 55,undergraduate,Male,Somewhat familiar,None,Yes,No,No,No,No,No,No,No,Yes,Yes,Alex,No,tactile vibrations,57,-100,88,-100,95,-100,98,-16,98,0
A33ZLN05SVEI66,Active,SensoryAI,2022-04-05 14:58:37,2022-04-05 15:07:59,35 - 44,undergraduate,Male,Somewhat familiar,None,Yes,No,No,No,No,No,No,No,Yes,Yes,Alex,Yes,tactile vibrations,31,30,30,73,30,72,100,74,100,0
A27LCUA35LPVM8,Inactive,LinguisticAI,2022-04-05 15:06:34,2022-04-05 15:09:52,35 - 44,undergraduate,Male,Somewhat familiar,Moderate,Yes,No,No,No,No,No,No,No,Yes,Yes,Alex,No,verbal instructions,100,-100,100,-100,100,-100,100,34,100,0
A1XQOZV8LQDM22,Active,LinguisticAI,2022-04-05 14:59:20,2022-04-05 15:10:23,45 - 54,undergraduate,Male,Neither familiar  nor unfamiliar,None,Yes,No,No,No,Yes,No,No,No,Yes,Yes,Alex,Yes,verbal instructions,70,74,71,24,53,38,62,46,35,1
A1721FMJBGZVYE,Active,SensoryAI,2022-04-05 15:09:43,2022-04-05 15:12:04,35 - 44,undergraduate,Male,Somewhat familiar,Significant,Yes,No,No,No,No,No,No,No,Yes,Yes,Alex,Yes,tactile vibrations,100,67,100,70,67,64,100,-70,100,0
A2YB18JHC2C7GF,Inactive,LinguisticAI,2022-04-05 15:11:28,2022-04-05 15:14:33,Over 55,high school,Female,Somewhat familiar,Moderate,Yes,No,No,No,No,No,No,No,Yes,Yes,Alex,No,verbal instructions,100,-100,100,-100,100,-100,100,-100,100,0
A3KU7DD8Q1NQ7P,Active,LinguisticAI,2022-04-05 15:15:44,2022-04-05 15:20:11,Over 55,undergraduate,Male,Somewhat familiar,A little,Yes,No,No,No,No,No,No,No,Yes,Yes,Alex,Yes,verbal instructions,65,43,71,-30,68,-28,33,62,46,0
ALDQRWYZ8KQ9A,Active,SensoryAI,2022-04-05 15:20:50,2022-04-05 15:24:42,35 - 44,undergraduate,Male,Somewhat unfamiliar,A little,Yes,No,No,No,No,No,No,No,Yes,Yes,Alex,Yes,tactile vibrations,15,0,32,39,52,91,100,-72,100,0
A1SL72YBUW8Q8K,Inactive,SensoryAI,2022-04-05 14:58:25,2022-04-05 15:25:06,45 - 54,undergraduate,Female,Somewhat familiar,A little,Yes,No,No,No,No,No,No,No,Yes,Yes,Alex,No,tactile vibrations,-35,-100,100,-100,100,-100,100,-100,100,0
A9V0V2HY30WNG,Active,LinguisticAI,2022-04-05 15:29:47,2022-04-05 15:34:40,25 - 34,undergraduate,Male,Somewhat familiar,A little,Yes,No,No,No,No,No,Yes,No,Yes,Yes,Alex,Yes,verbal instructions,35,-35,100,-100,-68,-34,100,-100,100,1
AKAM01E1R4KAF,Inactive,SensoryAI,2022-04-05 15:38:56,2022-04-05 15:42:07,35 - 44,graduate,Female,Somewhat familiar,A little,Yes,No,No,No,No,No,No,No,Yes,Yes,Alex,No,tactile vibrations,33,-36,68,-38,69,-32,70,65,72,0
A1RKGN3VY39TM1,Inactive,LinguisticAI,2022-04-05 15:16:27,2022-04-05 15:47:06,18 - 24,high school,Female,Somewhat familiar,Moderate,Yes,No,No,No,No,No,No,No,Yes,Yes,Alex,No,verbal instructions,100,-100,100,26,100,-100,100,74,48,0
A3QYA7EFCS7BA2,Active,LinguisticAI,2022-04-05 15:52:31,2022-04-05 15:55:43,35 - 44,high school,Female,Somewhat unfamiliar,None,Yes,No,No,No,No,No,No,No,Yes,Yes,Alex,Yes,verbal instructions,2,-34,61,33,35,35,50,12,100,0
A2ZDEERVRN5AMC,Inactive,SensoryAI,2022-04-05 15:58:52,2022-04-05 16:01:43,25 - 34,high school,Male,Somewhat familiar,None,Yes,No,No,No,No,No,No,No,Yes,Yes,Alex,No,tactile vibrations,34,-100,100,-100,100,-100,100,-100,100,0
APVZGZM1RA3AZ,Active,SensoryAI,2022-04-05 16:00:02,2022-04-05 16:03:07,Over 55,undergraduate,Female,Somewhat familiar,Moderate,Yes,No,No,No,No,No,No,No,Yes,Yes,Alex,Yes,tactile vibrations,68,69,69,68,69,67,40,37,68,0
A3W3FYGMP7VLKZ,Active,SensoryAI,2022-04-05 16:00:37,2022-04-05 16:03:16,35 - 44,undergraduate,Male,Completely familiar,Extensive,Yes,No,No,No,No,No,No,Yes,Yes,Yes,Alex,Yes,tactile vibrations,-100,-100,100,-100,100,-100,16,-100,100,1
A33Z6BHAJUGCHY,Inactive,LinguisticAI,2022-04-05 16:09:09,2022-04-05 16:14:53,25 - 34,undergraduate,Male,Somewhat familiar,Moderate,Yes,No,No,No,No,No,No,No,Yes,Yes,Alex,No,verbal instructions,68,-100,100,-100,100,-100,59,-100,100,0
A2NYP2UJTXTWQ,Active,LinguisticAI,2022-04-05 17:25:07,2022-04-05 17:29:06,35 - 44,high school,Male,Somewhat familiar,Significant,Yes,No,No,No,No,No,No,Yes,Yes,Yes,Alex,Yes,verbal instructions,35,-100,69,40,70,34,100,-100,100,1
A9FAQ0A88D8HA,Inactive,SensoryAI,2022-04-05 21:31:39,2022-04-05 21:35:05,18 - 24,undergraduate,Female,Neither familiar  nor unfamiliar,A little,Yes,No,No,No,No,No,No,No,Yes,Yes,Alex,No,verbal instructions,62,-100,67,-69,68,-100,36,33,34,0
A11EL5LWS2L1HX,Active,SensoryAI,2022-04-05 23:12:40,2022-04-05 23:14:06,18 - 24,high school,Female,Somewhat familiar,A little,Yes,No,No,No,No,No,Yes,No,Yes,Yes,Alex,Yes,tactile vibrations,100,35,100,100,100,100,100,-100,100,1
ARVU7VYF2489E,Active,LinguisticAI,2022-04-05 23:12:50,2022-04-05 23:14:44,25 - 34,high school,Male,Neither familiar  nor unfamiliar,A little,Yes,No,No,No,No,No,No,No,Yes,Yes,Alex,Yes,verbal instructions,77,100,84,100,77,100,65,15,100,0
A2HK6DECU353FZ,Inactive,LinguisticAI,2022-04-05 23:12:49,2022-04-05 23:15:30,25 - 34,undergraduate,Male,Completely familiar,Moderate,Yes,No,No,No,No,No,No,No,Yes,Yes,Alex,No,verbal instructions,100,-100,100,76,100,-100,100,-100,-100,0
A3JDWMS5QJHREI,Inactive,SensoryAI,2022-04-05 23:13:02,2022-04-05 23:15:46,25 - 34,undergraduate,Female,Somewhat familiar,A little,Yes,No,No,No,No,No,No,No,Yes,Yes,Alex,No,verbal instructions,100,-100,100,-100,100,-70,68,-1,70,0
A17ZMF7GGP6HKO,Inactive,LinguisticAI,2022-04-05 23:13:04,2022-04-05 23:16:03,25 - 34,undergraduate,Female,Somewhat familiar,Significant,Yes,No,No,No,No,No,No,Yes,Yes,Yes,Alex,No,verbal instructions,32,-100,100,-100,100,-100,100,66,100,1
A2U0PGDD0O1GBR,Inactive,SensoryAI,2022-04-05 23:13:02,2022-04-05 23:16:16,Over 55,undergraduate,Female,Somewhat familiar,None,Yes,No,No,No,No,No,No,No,Yes,Yes,Alex,No,tactile vibrations,37,-100,67,-100,70,-100,68,-67,80,0
ARL4T9U18Q3FS,Active,LinguisticAI,2022-04-05 23:13:08,2022-04-05 23:16:23,35 - 44,high school,Male,Somewhat familiar,Moderate,Yes,No,No,No,No,No,Yes,No,Yes,Yes,Alex,Yes,verbal instructions,69,72,32,68,35,68,33,-37,100,1
A2WLGVXAVT2XTR,Active,LinguisticAI,2022-04-05 23:13:40,2022-04-05 23:16:30,Over 55,undergraduate,Male,Somewhat familiar,A little,Yes,No,No,No,No,No,No,No,Yes,Yes,Alex,Yes,verbal instructions,-1,-100,39,43,50,47,100,100,100,0
A3EYRDEQ7CXUMN,Active,SensoryAI,2022-04-05 23:13:03,2022-04-05 23:16:37,45 - 54,undergraduate,Male,Somewhat familiar,A little,Yes,No,No,No,No,No,No,No,Yes,Yes,Alex,Yes,tactile vibrations,21,36,39,38,39,100,0,-69,68,0
AKVDY8OXNMQED,Inactive,SensoryAI,2022-04-05 23:13:53,2022-04-05 23:16:51,Over 55,undergraduate,Male,Somewhat familiar,A little,Yes,No,No,No,No,No,No,No,Yes,Yes,Alex,No,tactile vibrations,99,-100,100,-100,99,-99,46,43,71,0
A21HKKY734LWFV,Active,SensoryAI,2022-04-05 23:13:16,2022-04-05 23:17:16,35 - 44,graduate,Female,Somewhat familiar,Moderate,Yes,No,No,Yes,No,No,No,Yes,Yes,Yes,Alex,Yes,tactile vibrations,71,79,89,85,69,68,79,80,59,2
A1NQOR4RQJJDMW,Active,LinguisticAI,2022-04-05 23:15:04,2022-04-05 23:17:41,25 - 34,high school,Female,Somewhat familiar,A little,Yes,No,No,No,No,No,No,No,Yes,Yes,Alex,Yes,verbal instructions,100,100,100,100,100,100,100,-37,100,0
A2GC6RYOYAZAP7,Inactive,LinguisticAI,2022-04-05 23:12:54,2022-04-05 23:18:13,Over 55,high school,Male,Somewhat familiar,A little,Yes,No,No,No,No,No,No,Yes,Yes,Yes,Alex,No,verbal instructions,14,-81,68,-59,55,-64,21,-81,42,1
A2C9OFEV72G568,Inactive,SensoryAI,2022-04-05 23:12:42,2022-04-05 23:18:25,45 - 54,undergraduate,Male,Somewhat familiar,Moderate,Yes,No,No,No,No,No,No,No,Yes,Yes,Alex,No,tactile vibrations,100,-100,100,-100,100,-100,100,-100,100,0
A1SN0UU3V61IIM,Inactive,SensoryAI,2022-04-05 23:14:15,2022-04-05 23:19:25,Over 55,graduate,Male,Somewhat familiar,A little,Yes,No,No,No,No,No,Yes,No,Yes,Yes,Alex,No,tactile vibrations,78,-62,70,-57,63,-59,43,-30,35,1
A28U7B76HLCS1U,Active,SensoryAI,2022-04-05 23:16:50,2022-04-05 23:19:44,25 - 34,high school,Female,Somewhat familiar,A little,Yes,No,No,No,No,No,Yes,No,Yes,Yes,Alex,Yes,tactile vibrations,69,100,100,100,71,100,70,-1,100,1
AEWGY34WUIA32,Inactive,LinguisticAI,2022-04-05 23:22:25,2022-04-05 23:25:03,35 - 44,undergraduate,Male,Somewhat familiar,A little,Yes,No,No,No,No,No,No,No,Yes,Yes,Alex,No,verbal instructions,58,-100,99,-100,94,-100,64,-95,57,0
A2B1YSMEHN1G2K,Active,LinguisticAI,2022-04-05 23:24:18,2022-04-05 23:27:48,25 - 34,high school,Female,Completely familiar,Significant,Yes,No,No,No,No,No,No,Yes,Yes,Yes,Alex,Yes,verbal instructions,100,100,100,100,100,100,100,100,100,1
AARMOB6D5ZZVG,Active,LinguisticAI,2022-04-05 23:26:25,2022-04-05 23:30:17,25 - 34,undergraduate,Male,Somewhat familiar,Moderate,Yes,No,No,No,No,No,No,Yes,Yes,Yes,Alex,Yes,verbal instructions,-41,100,-30,100,-73,100,44,-31,100,1
A2RVFMCKSSEHDV,Inactive,SensoryAI,2022-04-05 23:12:48,2022-04-05 23:32:21,25 - 34,high school,Male,Somewhat familiar,None,Yes,No,No,No,No,No,Yes,No,Yes,Yes,Alex,No,tactile vibrations,66,-18,59,19,80,59,46,28,69,1
A2PWUACCQI97J8,Inactive,LinguisticAI,2022-04-05 23:41:19,2022-04-05 23:44:53,25 - 34,undergraduate,Female,Somewhat familiar,Significant,Yes,No,No,No,No,No,No,No,Yes,Yes,Alex,No,verbal instructions,-1,-100,69,-100,100,-100,100,-100,100,0
A2XQ3CFB5HT2ZQ,Active,LinguisticAI,2022-04-05 23:43:40,2022-04-05 23:46:12,Over 55,undergraduate,Female,Somewhat familiar,A little,Yes,No,No,No,No,No,No,No,Yes,Yes,Alex,Yes,verbal instructions,70,100,76,99,70,99,94,70,100,0
ARWF605I7RWM7,Active,LinguisticAI,2022-04-05 23:43:20,2022-04-05 23:47:12,35 - 44,high school,Female,Somewhat familiar,None,Yes,No,No,No,No,No,No,No,Yes,Yes,Alex,Yes,verbal instructions,38,37,38,38,68,39,100,69,100,0
A336V7IY38Q2WN,Inactive,LinguisticAI,2022-04-05 23:13:26,2022-04-05 23:49:00,35 - 44,undergraduate,Male,Somewhat familiar,Moderate,Yes,No,No,No,No,No,No,No,Yes,Yes,Alex,No,verbal instructions,0,-100,-100,-100,76,-100,44,-67,100,0
A10AVWALIHR4UQ,Inactive,SensoryAI,2022-04-05 23:55:18,2022-04-06 00:01:22,35 - 44,undergraduate,Male,Somewhat familiar,A little,Yes,No,No,No,No,No,No,No,Yes,Yes,Alex,No,tactile vibrations,100,-100,100,-100,100,-100,100,-70,100,0
A2BT7QVGXJKFKI,Active,SensoryAI,2022-04-06 00:13:49,2022-04-06 00:17:26,45 - 54,graduate,Female,Somewhat unfamiliar,None,Yes,No,No,No,No,No,No,No,Yes,Yes,Alex,Yes,tactile vibrations,40,32,59,46,43,40,53,-66,74,0
A2TB0EZ4V325QD,Inactive,LinguisticAI,2022-04-06 00:14:22,2022-04-06 00:18:13,35 - 44,graduate,Female,Somewhat familiar,Moderate,Yes,No,No,No,Yes,No,No,No,Yes,Yes,Alex,No,verbal instructions,100,-69,100,-51,100,-48,15,-100,100,1
A2S9SAGO12WZ6P,Inactive,SensoryAI,2022-04-06 00:15:37,2022-04-06 00:18:40,25 - 34,graduate,Female,Somewhat familiar,None,Yes,No,No,No,No,No,No,No,Yes,Yes,Alex,No,tactile vibrations,42,-100,100,-100,71,-100,48,48,100,0
A1EBQ9X6IN5OZC,Active,LinguisticAI,2022-04-06 00:15:39,2022-04-06 00:19:21,25 - 34,undergraduate,Female,Somewhat familiar,A little,Yes,No,No,No,No,No,No,No,Yes,Yes,Alex,Yes,verbal instructions,17,33,24,37,30,35,87,67,100,0
A2LR1HKNOVDTJ8,Inactive,LinguisticAI,2022-04-06 00:20:38,2022-04-06 00:23:40,45 - 54,high school,Male,Somewhat unfamiliar,None,Yes,No,No,No,No,No,No,No,Yes,Yes,Alex,No,verbal instructions,100,-100,100,-100,100,-100,100,100,28,0
A2GOYSTIL3LOV1,Inactive,SensoryAI,2022-04-06 00:20:27,2022-04-06 00:23:46,45 - 54,undergraduate,Female,Somewhat familiar,A little,Yes,No,No,No,No,No,No,No,Yes,Yes,Alex,No,tactile vibrations,70,-98,97,-98,99,-94,48,-70,36,0
A1VBZWAHLWQMXM,Inactive,LinguisticAI,2022-04-06 00:16:04,2022-04-06 00:24:25,Over 55,undergraduate,Male,Somewhat familiar,Significant,Yes,No,No,No,No,No,No,No,Yes,Yes,Alex,No,verbal instructions,43,-100,100,-100,100,-100,-100,-100,38,0
A173MXK429XAZQ,Active,SensoryAI,2022-04-06 00:24:18,2022-04-06 00:27:29,35 - 44,undergraduate,Female,Neither familiar  nor unfamiliar,None,Yes,No,No,No,No,No,No,No,Yes,Yes,Alex,Yes,tactile vibrations,16,2,4,81,20,97,92,65,100,0
A2OVOVZBJYUO,Inactive,SensoryAI,2022-04-06 00:38:30,2022-04-06 00:40:21,35 - 44,undergraduate,Female,Completely familiar,Moderate,Yes,No,No,No,No,No,Yes,No,Yes,Yes,Alex,No,tactile vibrations,97,-99,100,-100,100,-100,100,-62,100,1
A2OX8TSRCU6NKD,Active,LinguisticAI,2022-04-06 00:41:33,2022-04-06 00:45:06,45 - 54,graduate,Female,Completely familiar,None,Yes,No,No,No,No,No,Yes,No,Yes,No,Alex,Yes,verbal instructions,18,63,20,70,29,77,52,26,90,2
A2XQ3P6M9NZNYB,Active,SensoryAI,2022-04-06 01:01:33,2022-04-06 01:09:00,25 - 34,undergraduate,Male,Neither familiar  nor unfamiliar,None,Yes,No,No,No,No,No,No,No,Yes,Yes,Alex,Yes,tactile vibrations,27,32,46,39,46,65,40,2,61,0
A3O3DC6ND7Y9OS,Active,SensoryAI,2022-04-06 01:05:09,2022-04-06 01:09:08,25 - 34,undergraduate,Female,Completely familiar,Moderate,Yes,No,No,No,No,No,No,No,Yes,Yes,Alex,Yes,tactile vibrations,24,20,-57,-31,13,15,38,-38,27,0
A12J4IRF5Z06BT,Inactive,LinguisticAI,2022-04-06 01:57:12,2022-04-06 02:00:02,35 - 44,undergraduate,Male,Somewhat familiar,Extensive,Yes,No,No,No,No,No,No,No,Yes,Yes,Alex,No,verbal instructions,100,-100,100,-100,100,-100,70,-67,100,0
A2P53AN2M8IWFP,Active,LinguisticAI,2022-04-06 18:04:22,2022-04-06 18:06:27,25 - 34,graduate,Male,Somewhat familiar,None,Yes,No,No,No,No,No,No,No,Yes,Yes,Alex,Yes,verbal instructions,33,96,37,65,75,74,100,-3,100,0
A3IDG9C18BCATK,Inactive,SensoryAI,2022-04-06 18:04:46,2022-04-06 18:06:57,25 - 34,undergraduate,Male,Somewhat familiar,A little,Yes,No,No,No,No,No,No,No,Yes,Yes,Alex,No,tactile vibrations,34,-100,100,-100,100,-100,100,-100,100,0
AG707KZT39EZU,Active,LinguisticAI,2022-04-06 18:04:30,2022-04-06 18:07:21,45 - 54,high school,Female,Somewhat familiar,Moderate,Yes,No,No,No,No,No,No,Yes,Yes,Yes,Alex,Yes,verbal instructions,49,-58,61,32,66,28,100,-99,100,1
A2616JPJO73667,Active,SensoryAI,2022-04-06 18:04:30,2022-04-06 18:07:58,25 - 34,high school,Male,Neither familiar  nor unfamiliar,A little,Yes,No,No,No,No,No,No,Yes,Yes,Yes,Alex,Yes,tactile vibrations,57,-17,-39,-28,18,33,37,31,33,1
A207MWA5U0GWA5,Inactive,LinguisticAI,2022-04-06 18:04:33,2022-04-06 18:08:08,Over 55,high school,Female,Somewhat familiar,None,Yes,No,No,No,Yes,No,No,No,Yes,Yes,Alex,No,verbal instructions,100,-100,100,-100,100,-100,100,100,100,1
A2TL53L560W89V,Active,LinguisticAI,2022-04-06 18:05:26,2022-04-06 18:08:39,Over 55,undergraduate,Male,Somewhat familiar,Significant,Yes,No,No,No,No,No,No,No,Yes,Yes,Alex,Yes,verbal instructions,2,100,-57,100,68,72,71,66,100,0
A2ZJSBAM7CVBKP,Inactive,LinguisticAI,2022-04-06 18:04:27,2022-04-06 18:08:51,35 - 44,undergraduate,Female,Somewhat unfamiliar,A little,Yes,No,No,No,No,No,No,No,Yes,Yes,Alex,No,verbal instructions,100,-95,100,-100,100,-100,70,31,75,0
A1N93G08WP4XH7,Inactive,SensoryAI,2022-04-06 18:06:11,2022-04-06 18:08:54,25 - 34,high school,Female,Neither familiar  nor unfamiliar,A little,Yes,No,No,No,No,No,No,No,Yes,Yes,Alex,No,tactile vibrations,-36,-2,69,-1,100,-100,34,0,100,0
A2VNSNAN1LZBAM,Inactive,LinguisticAI,2022-04-06 18:06:07,2022-04-06 18:09:01,Over 55,high school,Female,Somewhat familiar,None,Yes,No,No,No,No,No,No,No,Yes,Yes,Alex,No,verbal instructions,100,-100,100,-100,100,-100,100,0,100,0
A1HNNX44U3OF0X,Active,SensoryAI,2022-04-06 18:06:59,2022-04-06 18:09:44,45 - 54,undergraduate,Female,Somewhat familiar,A little,Yes,No,No,No,No,No,No,No,Yes,Yes,Alex,Yes,tactile vibrations,69,70,66,65,68,70,-28,36,70,0
A1ZE87WEYCA44A,Active,LinguisticAI,2022-04-06 18:09:07,2022-04-06 18:12:17,Over 55,high school,Male,Somewhat familiar,A little,Yes,No,No,No,No,No,Yes,No,Yes,Yes,Alex,Yes,verbal instructions,35,100,33,68,32,68,100,-1,100,1
A1XBWSV6TWJUU8,Active,LinguisticAI,2022-04-06 18:12:13,2022-04-06 18:15:21,35 - 44,undergraduate,Female,Somewhat familiar,None,Yes,No,No,No,No,No,No,No,Yes,Yes,Alex,Yes,verbal instructions,32,69,25,86,55,96,42,35,91,0
A1NLP66FKHBS4V,Inactive,SensoryAI,2022-04-06 18:15:29,2022-04-06 18:18:28,Over 55,undergraduate,Female,Somewhat familiar,Significant,Yes,No,No,No,No,No,No,No,Yes,Yes,Alex,No,tactile vibrations,74,-70,71,-64,70,-70,41,-35,69,0
A11FFJZ0C984W4,Inactive,LinguisticAI,2022-04-06 18:16:08,2022-04-06 18:18:29,25 - 34,undergraduate,Female,Somewhat familiar,A little,Yes,No,No,No,No,No,No,No,Yes,Yes,Alex,No,verbal instructions,63,-100,71,-100,100,-100,83,-88,100,0
A1JI19KPIVNL3Y,Inactive,SensoryAI,2022-04-06 18:18:12,2022-04-06 18:21:25,45 - 54,undergraduate,Male,Somewhat familiar,A little,Yes,No,No,No,No,No,No,Yes,Yes,Yes,Alex,No,tactile vibrations,100,-100,100,-100,100,-100,100,2,100,1
AJ7JFYKBG85ZV,Active,SensoryAI,2022-04-06 18:20:30,2022-04-06 18:28:32,25 - 34,undergraduate,Female,Somewhat familiar,A little,Yes,No,No,No,No,No,Yes,No,Yes,Yes,Alex,Yes,tactile vibrations,-10,45,55,54,74,69,81,85,63,1
A3B9M6H2PTCQWX,Active,SensoryAI,2022-04-06 18:29:54,2022-04-06 18:33:23,35 - 44,undergraduate,Male,Somewhat familiar,Moderate,Yes,No,No,No,No,No,No,No,Yes,Yes,Alex,Yes,tactile vibrations,46,66,58,70,52,94,48,38,100,0
A20CGE508BF5IE,Inactive,SensoryAI,2022-04-06 18:31:43,2022-04-06 18:34:31,25 - 34,undergraduate,Male,Somewhat familiar,None,Yes,Yes,No,No,No,No,No,Yes,Yes,Yes,Alex,No,tactile vibrations,35,-100,100,-100,100,-100,-32,-35,69,2
A1V2H0UF94ATWY,Inactive,LinguisticAI,2022-04-06 18:32:26,2022-04-06 18:35:17,Over 55,high school,Male,Somewhat familiar,None,Yes,No,No,No,No,No,No,No,Yes,Yes,Alex,No,verbal instructions,41,-100,100,-100,40,-100,100,-1,100,0
APRZ7BR8C0ZMQ,Active,LinguisticAI,2022-04-06 18:32:36,2022-04-06 18:38:27,Over 55,undergraduate,Male,Somewhat familiar,Extensive,Yes,No,No,No,No,No,No,No,Yes,Yes,Alex,Yes,verbal instructions,55,2,53,2,47,2,83,68,77,0
A25ZZOSL7MVU22,Active,SensoryAI,2022-04-06 18:36:13,2022-04-06 18:38:33,25 - 34,undergraduate,Male,Somewhat familiar,Moderate,Yes,No,No,No,No,No,No,No,Yes,Yes,Alex,Yes,tactile vibrations,100,34,100,-32,100,-15,100,100,100,0
A2VUF0V7HT51Q3,Active,LinguisticAI,2022-04-06 18:37:02,2022-04-06 18:39:35,35 - 44,graduate,Female,Neither familiar  nor unfamiliar,None,Yes,No,No,No,No,No,No,No,Yes,Yes,Alex,Yes,verbal instructions,59,65,61,59,70,69,68,66,100,0
AZ5ZYUCAQ0XDL,Inactive,SensoryAI,2022-04-06 18:31:59,2022-04-06 18:40:07,35 - 44,undergraduate,Male,Somewhat familiar,None,Yes,No,No,No,No,No,Yes,No,Yes,Yes,Alex,No,tactile vibrations,34,-100,100,-100,100,-100,68,0,100,1
A8TFVGAEEN2EC,Active,LinguisticAI,2022-04-06 18:41:34,2022-04-06 18:43:35,18 - 24,undergraduate,Male,Neither familiar  nor unfamiliar,Moderate,Yes,No,No,No,No,No,No,No,Yes,Yes,Alex,Yes,verbal instructions,2,38,-17,38,-24,38,23,-15,33,0
A1CMDCHS6TMIHU,Inactive,LinguisticAI,2022-04-06 18:31:04,2022-04-06 18:44:19,35 - 44,undergraduate,Female,Somewhat familiar,None,Yes,No,No,No,No,No,Yes,No,Yes,Yes,Alex,No,verbal instructions,100,-100,100,-100,100,-100,56,-94,100,1
A3EA4SHCLJ1UZQ,Inactive,SensoryAI,2022-04-06 18:54:58,2022-04-06 18:58:04,35 - 44,high school,Male,Neither familiar  nor unfamiliar,None,Yes,No,No,No,No,No,Yes,No,Yes,Yes,Alex,No,tactile vibrations,10,-100,19,-100,60,-100,65,-100,100,1
AGILQEFEPEK7N,Active,SensoryAI,2022-04-06 18:54:05,2022-04-06 19:04:53,25 - 34,undergraduate,Male,Somewhat familiar,A little,Yes,No,No,No,No,Yes,Yes,No,Yes,Yes,Alex,Yes,tactile vibrations,40,80,43,100,47,75,53,-70,69,2
A276TOSEU7TQ8Y,Inactive,LinguisticAI,2022-04-06 19:23:26,2022-04-06 19:27:18,35 - 44,undergraduate,Male,Neither familiar  nor unfamiliar,Moderate,Yes,No,No,No,No,No,No,No,Yes,Yes,Alex,No,verbal instructions,-1,-100,100,-36,100,-100,100,33,100,0
A2I4A4WGWII18Z,Active,LinguisticAI,2022-04-06 19:40:21,2022-04-06 19:44:43,45 - 54,undergraduate,Female,Somewhat familiar,A little,Yes,No,No,No,No,No,No,No,Yes,Yes,Alex,Yes,verbal instructions,-35,-1,33,31,30,35,69,0,100,0
A1X8YRYS8MBDWX,Inactive,SensoryAI,2022-04-06 19:09:35,2022-04-06 19:45:48,Over 55,undergraduate,Male,Somewhat familiar,None,Yes,No,No,No,No,No,No,No,Yes,Yes,Alex,No,verbal instructions,100,-100,100,-100,100,-100,68,-100,70,0
A2ML4TEAJTDQD0,Inactive,LinguisticAI,2022-04-06 20:12:16,2022-04-06 20:16:05,45 - 54,high school,Male,Somewhat unfamiliar,None,Yes,No,No,No,No,No,No,No,Yes,Yes,Alex,No,verbal instructions,2,-100,100,-99,100,-100,100,-71,100,0
A6ZAKE3FP8YKY,Inactive,SensoryAI,2022-04-06 20:37:51,2022-04-06 20:39:32,25 - 34,graduate,Male,Somewhat familiar,A little,Yes,No,No,No,No,No,No,No,Yes,Yes,Alex,No,tactile vibrations,-56,-100,81,47,-65,-58,66,-62,83,0
AEOVYZ83Q3GX4,Active,LinguisticAI,2022-04-06 21:37:26,2022-04-06 21:41:21,25 - 34,undergraduate,Male,Somewhat familiar,None,Yes,No,No,No,No,No,No,No,Yes,Yes,Alex,Yes,verbal instructions,31,100,100,71,100,100,100,36,100,0
ASNMT3I94HZ44,Inactive,LinguisticAI,2022-04-06 23:13:26,2022-04-06 23:15:28,25 - 34,undergraduate,Male,Neither familiar  nor unfamiliar,Moderate,Yes,No,No,No,No,No,No,No,Yes,Yes,Alex,No,verbal instructions,42,37,3,8,-4,47,14,19,55,0
A19ALKELIV81IO,Active,LinguisticAI,2022-04-06 23:13:34,2022-04-06 23:15:52,25 - 34,graduate,Male,Somewhat unfamiliar,None,Yes,No,No,No,No,No,No,Yes,Yes,Yes,Alex,Yes,verbal instructions,1,81,-9,62,3,55,2,-34,36,1
A1AZLJ3R5FQ9B7,Active,LinguisticAI,2022-04-06 23:14:31,2022-04-06 23:17:06,Over 55,undergraduate,Female,Somewhat familiar,None,Yes,No,No,No,No,No,No,No,Yes,Yes,Alex,Yes,verbal instructions,2,0,79,37,100,38,100,2,100,0
A1IZ4NX41GKU4X,Inactive,SensoryAI,2022-04-06 23:13:34,2022-04-06 23:17:09,25 - 34,undergraduate,Male,Completely familiar,None,Yes,No,No,No,No,No,No,No,Yes,Yes,Alex,No,tactile vibrations,2,-100,100,-100,100,-100,100,-100,100,0
A3I9XLIHPPWPN1,Inactive,SensoryAI,2022-04-06 23:14:58,2022-04-06 23:17:35,Over 55,graduate,Female,Somewhat familiar,A little,Yes,No,No,No,No,No,No,No,Yes,Yes,Alex,No,tactile vibrations,77,-100,100,-78,94,-79,87,-100,100,0
A38S1M9I6HIBJG,Active,SensoryAI,2022-04-06 23:13:37,2022-04-06 23:17:38,45 - 54,high school,Male,Somewhat familiar,Moderate,Yes,No,No,No,No,No,No,No,Yes,Yes,Alex,Yes,tactile vibrations,50,67,61,-11,68,26,33,-34,88,0
ABNR8ID5Q3CYA,Active,SensoryAI,2022-04-06 23:15:19,2022-04-06 23:17:54,45 - 54,undergraduate,Female,Somewhat unfamiliar,None,Yes,No,No,No,No,No,No,No,Yes,Yes,Alex,Yes,tactile vibrations,-67,-25,66,2,33,35,68,36,67,0
A19H6QRCGKBOUH,Active,SensoryAI,2022-04-06 23:14:28,2022-04-06 23:18:04,45 - 54,undergraduate,Male,Somewhat familiar,Moderate,Yes,No,No,No,No,No,Yes,No,Yes,Yes,Alex,Yes,tactile vibrations,23,100,19,69,29,100,100,-100,100,1
AGA76ECMXGOTF,Inactive,LinguisticAI,2022-04-06 23:13:40,2022-04-06 23:18:16,25 - 34,undergraduate,Male,Somewhat familiar,A little,Yes,No,No,No,No,No,No,No,Yes,Yes,Alex,No,verbal instructions,100,-100,100,-100,100,-100,100,-100,100,0
A19L8SNH73AX1Z,Inactive,LinguisticAI,2022-04-06 23:13:42,2022-04-06 23:18:21,Over 55,high school,Female,Somewhat familiar,None,Yes,No,No,No,No,No,No,No,Yes,Yes,Alex,No,verbal instructions,44,-99,26,-99,68,-99,30,-40,48,0
A49A0FF6ZXYDU,Active,LinguisticAI,2022-04-06 23:15:02,2022-04-06 23:18:24,45 - 54,undergraduate,Female,Neither familiar  nor unfamiliar,A little,Yes,No,No,No,No,No,No,No,Yes,Yes,Alex,Yes,verbal instructions,24,40,2,100,-3,100,99,100,100,0
A2DSAZ28AEGRYX,Active,SensoryAI,2022-04-06 23:14:05,2022-04-06 23:18:40,25 - 34,graduate,Male,Completely familiar,Significant,Yes,No,No,No,No,No,No,No,Yes,Yes,Alex,Yes,tactile vibrations,32,100,32,52,33,54,44,-100,100,0
A27AK750Y9M9KH,Inactive,SensoryAI,2022-04-06 23:13:33,2022-04-06 23:18:51,Over 55,graduate,Male,Somewhat familiar,A little,Yes,No,No,No,No,No,No,No,Yes,Yes,Alex,No,tactile vibrations,100,-100,100,-100,100,-100,100,-100,100,0
A3MUW3RCHP2BBJ,Active,LinguisticAI,2022-04-06 23:13:34,2022-04-06 23:19:25,35 - 44,undergraduate,Prefer not to say,Somewhat familiar,None,Yes,No,No,No,No,No,No,No,Yes,Yes,Alex,Yes,verbal instructions,38,80,68,66,48,67,69,1,100,0
AZTQX7APEZXME,Inactive,LinguisticAI,2022-04-06 23:16:58,2022-04-06 23:20:25,18 - 24,undergraduate,Female,Somewhat familiar,None,Yes,No,No,No,No,No,No,No,Yes,Yes,Alex,No,verbal instructions,34,-66,73,-34,69,-71,61,-34,35,0
A2VFCWCKU97RNK,Inactive,LinguisticAI,2022-04-06 23:15:47,2022-04-06 23:21:04,25 - 34,graduate,Female,Completely familiar,Significant,Yes,No,No,No,No,Yes,Yes,No,Yes,Yes,Alex,No,verbal instructions,94,-97,100,-100,90,-96,94,-96,100,2
A2HAP8SUY3WYKR,Inactive,SensoryAI,2022-04-06 23:16:42,2022-04-06 23:25:05,25 - 34,undergraduate,Female,Somewhat familiar,A little,Yes,No,No,No,No,No,No,No,Yes,Yes,Alex,No,verbal instructions,27,-100,100,-100,100,-100,-88,-100,100,0
A2B6WQG0A9CKXQ,Inactive,LinguisticAI,2022-04-06 23:20:50,2022-04-06 23:25:24,25 - 34,graduate,Female,Somewhat familiar,A little,Yes,No,No,No,No,No,No,No,Yes,Yes,Alex,No,verbal instructions,82,-82,89,-84,75,-95,50,2,100,0
A1LDM9B0KIDY5I,Active,SensoryAI,2022-04-06 23:22:37,2022-04-06 23:26:54,18 - 24,high school,Male,Somewhat familiar,Moderate,Yes,No,No,No,No,No,No,No,Yes,Yes,Alex,Yes,tactile vibrations,69,70,70,68,-38,74,-70,69,68,0
A3UZYBO3EGBDWR,Inactive,LinguisticAI,2022-04-06 23:27:23,2022-04-06 23:30:21,25 - 34,high school,Male,Completely familiar,A little,Yes,No,No,No,No,No,No,No,Yes,Yes,Alex,No,verbal instructions,100,-100,100,-100,100,-100,100,0,100,0
A1NDMFN9A5G25G,Active,LinguisticAI,2022-04-06 23:21:24,2022-04-06 23:34:02,35 - 44,undergraduate,Male,Somewhat unfamiliar,None,Yes,No,No,No,No,No,No,No,Yes,Yes,Alex,Yes,verbal instructions,51,35,47,-23,68,70,52,-32,51,0
A3NKNOE5HIXXL,Inactive,SensoryAI,2022-04-06 23:14:20,2022-04-06 23:41:25,25 - 34,graduate,Female,Somewhat familiar,A little,Yes,No,No,No,No,No,No,No,Yes,Yes,Alex,No,verbal instructions,66,74,92,9,74,-78,45,-56,62,0
A1ZVC2VT88SYEP,Active,SensoryAI,2022-04-06 23:42:14,2022-04-06 23:47:14,25 - 34,high school,Male,Somewhat familiar,A little,Yes,No,No,No,No,No,No,No,Yes,Yes,Alex,Yes,tactile vibrations,-18,63,15,78,16,63,56,34,68,0
A17ZTBC2843EBM,Active,LinguisticAI,2022-04-06 23:39:25,2022-04-06 23:47:17,Over 55,undergraduate,Male,Somewhat familiar,A little,Yes,No,No,No,No,No,No,Yes,Yes,Yes,Alex,Yes,verbal instructions,44,25,60,7,68,15,32,18,60,1
A1JO6AY55FG7QU,Inactive,LinguisticAI,2022-04-06 23:54:46,2022-04-06 23:57:28,35 - 44,undergraduate,Female,Somewhat familiar,None,Yes,No,No,No,No,No,No,No,Yes,Yes,Alex,No,verbal instructions,30,-95,99,-100,95,-97,48,41,6,0
A1TA30P0NOOGE2,Active,LinguisticAI,2022-04-07 00:19:54,2022-04-07 00:24:30,35 - 44,undergraduate,Male,Somewhat familiar,Significant,Yes,No,No,No,No,No,No,No,Yes,Yes,Alex,Yes,verbal instructions,35,66,-33,38,-32,37,60,30,71,0
A3NXIIFJG95TXU,Active,SensoryAI,2022-04-07 00:21:47,2022-04-07 00:25:08,25 - 34,undergraduate,Male,Completely familiar,Moderate,Yes,No,No,No,No,No,No,No,Yes,Yes,Alex,Yes,tactile vibrations,-11,-4,2,54,44,57,52,28,100,0
A2CFI1X8OKYIL2,Inactive,LinguisticAI,2022-04-07 00:23:30,2022-04-07 00:26:03,35 - 44,high school,Female,Somewhat familiar,Moderate,Yes,No,No,No,No,No,No,No,Yes,Yes,Alex,No,verbal instructions,70,-100,100,-100,100,-100,71,-100,100,0
A2CSGR33WTRXO0,Inactive,SensoryAI,2022-04-07 00:21:14,2022-04-07 00:26:14,18 - 24,graduate,Female,Somewhat unfamiliar,None,Yes,No,No,No,No,No,Yes,No,Yes,Yes,Alex,No,tactile vibrations,99,-100,100,-68,69,-100,100,70,27,1
A3F51C49T9A34D,Active,SensoryAI,2022-04-07 00:24:36,2022-04-07 00:27:47,Over 55,graduate,Male,Somewhat familiar,None,No,No,No,No,No,No,No,No,Yes,Yes,Alex,Yes,tactile vibrations,100,100,100,100,100,100,100,-100,100,1
A1E3MR98PNWZBD,Inactive,SensoryAI,2022-04-07 00:28:01,2022-04-07 00:31:05,45 - 54,high school,Female,Somewhat familiar,None,Yes,No,No,No,No,No,No,No,Yes,Yes,Alex,No,tactile vibrations,38,-100,100,-100,100,-100,38,-32,66,0
ACON9O9NMFOHE,Active,LinguisticAI,2022-04-07 00:25:12,2022-04-07 00:32:46,25 - 34,high school,Male,Completely unfamiliar,None,Yes,No,No,No,No,No,No,No,Yes,Yes,Alex,Yes,verbal instructions,-43,100,-46,100,-65,76,100,-39,75,0
A6U2C66WQ7QQN,Inactive,LinguisticAI,2022-04-07 00:14:48,2022-04-07 00:34:09,35 - 44,high school,Female,Somewhat familiar,A little,Yes,No,No,No,No,No,No,No,Yes,Yes,Alex,No,verbal instructions,2,-100,100,-100,100,-100,100,-100,100,0
A157L6Z8QU3SDE,Active,LinguisticAI,2022-04-07 00:31:23,2022-04-07 00:35:10,25 - 34,undergraduate,Male,Somewhat familiar,Extensive,Yes,No,No,No,Yes,No,No,No,Yes,Yes,Alex,Yes,verbal instructions,-100,68,2,34,2,72,99,-27,100,1
A2OS3NGWKOM69E,Active,SensoryAI,2022-04-07 00:54:10,2022-04-07 00:56:42,45 - 54,high school,Male,Somewhat familiar,None,Yes,No,No,No,No,No,Yes,No,Yes,Yes,Alex,Yes,tactile vibrations,25,95,22,85,-34,86,70,32,100,1
AHZP05WVFXXCG,Inactive,LinguisticAI,2022-04-07 01:17:32,2022-04-07 01:25:36,35 - 44,undergraduate,Female,Somewhat familiar,None,Yes,No,No,No,No,No,No,No,Yes,Yes,Alex,No,verbal instructions,0,-100,100,-100,100,-100,100,-100,100,0
A2MUOD1JHWJ735,Active,LinguisticAI,2022-04-07 01:55:36,2022-04-07 02:00:51,25 - 34,high school,Female,Somewhat familiar,None,Yes,No,No,No,No,No,No,No,Yes,Yes,Alex,Yes,verbal instructions,-59,79,19,72,17,67,86,-69,68,0
A2LLKGCZETGPQ6,Inactive,SensoryAI,2022-04-07 02:38:28,2022-04-07 02:42:57,18 - 24,high school,Male,Completely unfamiliar,None,Yes,No,No,No,No,No,No,No,Yes,Yes,Alex,No,tactile vibrations,-100,-100,100,-100,100,-100,100,-100,100,0
A1L9RVDDOOGKX2,Active,SensoryAI,2022-04-07 14:59:59,2022-04-07 15:02:31,18 - 24,undergraduate,Male,Neither familiar  nor unfamiliar,Moderate,Yes,No,No,No,No,No,No,No,Yes,Yes,Alex,Yes,verbal instructions,100,100,100,100,100,100,100,57,100,0
A3GE84T9AR3YS9,Active,LinguisticAI,2022-04-07 15:00:44,2022-04-07 15:02:49,25 - 34,graduate,Female,Somewhat unfamiliar,A little,Yes,No,Yes,No,No,No,No,No,Yes,Yes,Alex,Yes,verbal instructions,31,67,-28,92,40,72,69,36,99,1
A1ARY2P1UWNNRD,Active,SensoryAI,2022-04-07 15:00:37,2022-04-07 15:03:04,25 - 34,undergraduate,Male,Completely familiar,None,Yes,No,Yes,No,No,No,No,Yes,Yes,Yes,Alex,Yes,tactile vibrations,-1,100,38,100,33,100,36,-100,100,2
A2TZAXWOB3JMNV,Inactive,SensoryAI,2022-04-07 15:00:13,2022-04-07 15:03:15,45 - 54,undergraduate,Female,Somewhat familiar,None,Yes,No,No,No,No,No,No,No,Yes,Yes,Alex,No,tactile vibrations,100,-100,100,-100,100,-100,100,-100,100,0
AFRKVRPZ2RHY8,Inactive,LinguisticAI,2022-04-07 15:00:33,2022-04-07 15:03:16,35 - 44,undergraduate,Male,Somewhat unfamiliar,None,Yes,No,No,No,No,No,No,No,Yes,Yes,Alex,No,verbal instructions,54,-70,59,-66,64,-79,47,-55,63,0
AZCGSVDT79E6X,Inactive,LinguisticAI,2022-04-07 15:00:21,2022-04-07 15:03:43,25 - 34,high school,Male,Somewhat familiar,Extensive,Yes,No,No,No,No,No,No,No,Yes,Yes,Alex,No,verbal instructions,68,-100,100,-100,100,-100,100,-100,100,0
A3OPRR8AXT6OSJ,Inactive,SensoryAI,2022-04-07 15:00:39,2022-04-07 15:03:44,45 - 54,undergraduate,Male,Somewhat familiar,Moderate,Yes,No,No,No,No,No,No,No,Yes,Yes,Alex,No,tactile vibrations,63,-100,100,-100,66,-100,100,33,100,0
A3VXI8ULCTDL64,Active,SensoryAI,2022-04-07 15:00:09,2022-04-07 15:04:04,35 - 44,graduate,Male,Neither familiar  nor unfamiliar,A little,Yes,No,No,No,No,No,No,Yes,Yes,Yes,Alex,Yes,tactile vibrations,38,31,71,33,36,32,38,-1,100,1
ACFPXI6LMHSZU,Active,SensoryAI,2022-04-07 15:02:18,2022-04-07 15:04:16,35 - 44,undergraduate,Male,Somewhat familiar,A little,Yes,No,Yes,No,No,No,No,Yes,Yes,Yes,Alex,Yes,tactile vibrations,73,10,100,44,75,43,100,1,8,2
A3N15463MQO5VF,Inactive,SensoryAI,2022-04-07 15:00:50,2022-04-07 15:05:18,35 - 44,undergraduate,Female,Somewhat familiar,Moderate,Yes,No,No,No,No,No,No,No,Yes,Yes,Alex,No,tactile vibrations,68,-70,54,-47,69,-100,45,-32,70,0
A3L459M9ME6WKI,Active,LinguisticAI,2022-04-07 15:01:09,2022-04-07 15:05:19,35 - 44,undergraduate,Male,Neither familiar  nor unfamiliar,None,Yes,No,No,No,No,No,No,No,Yes,Yes,Alex,Yes,verbal instructions,14,70,23,71,37,69,77,-59,92,0
A1KUV27T2EOJJH,Active,LinguisticAI,2022-04-07 15:01:45,2022-04-07 15:05:50,18 - 24,high school,Female,Somewhat familiar,None,Yes,No,No,No,No,No,No,No,Yes,Yes,Alex,Yes,verbal instructions,34,84,24,100,33,100,89,-2,34,0
A24Y5N25ZC4EOD,Inactive,SensoryAI,2022-04-07 15:00:45,2022-04-07 15:06:18,Over 55,high school,Male,Somewhat familiar,None,Yes,No,No,No,No,No,No,Yes,Yes,Yes,Alex,No,tactile vibrations,-34,-58,36,-57,57,-95,37,30,43,1
AL51KTD0WITH9,Inactive,LinguisticAI,2022-04-07 15:03:30,2022-04-07 15:08:39,45 - 54,undergraduate,Male,Somewhat familiar,A little,Yes,No,No,No,No,No,No,No,Yes,Yes,Alex,No,verbal instructions,-50,-100,79,-100,68,-100,50,-100,55,0
A2R0I39QFFQKXH,Inactive,SensoryAI,2022-04-07 15:05:26,2022-04-07 15:10:46,Over 55,high school,Female,Somewhat unfamiliar,None,Yes,No,No,No,No,No,No,No,Yes,Yes,Alex,No,tactile vibrations,33,-100,-100,-100,100,-100,100,-100,100,0
A2DF8W7SDWLURD,Inactive,LinguisticAI,2022-04-07 15:04:48,2022-04-07 15:12:03,45 - 54,high school,Female,Completely unfamiliar,None,Yes,No,No,No,No,No,No,No,Yes,Yes,Alex,No,verbal instructions,8,-88,86,-98,47,-93,64,-21,34,0
A8B4WA1QFNUAW,Inactive,LinguisticAI,2022-04-07 15:11:54,2022-04-07 15:15:00,35 - 44,high school,Female,Somewhat familiar,A little,Yes,No,No,No,No,No,No,No,Yes,Yes,Alex,No,verbal instructions,33,-100,100,-100,100,-100,100,-100,100,0
A3U4MAPO0W65KH,Active,SensoryAI,2022-04-07 15:00:38,2022-04-07 15:16:20,Over 55,undergraduate,Male,Somewhat familiar,Moderate,Yes,No,No,No,No,No,No,No,Yes,Yes,Alex,Yes,tactile vibrations,69,100,100,68,68,100,68,35,100,0
A1V0JTFQA3X0HZ,Inactive,LinguisticAI,2022-04-07 15:16:47,2022-04-07 15:20:58,35 - 44,graduate,Female,Neither familiar  nor unfamiliar,A little,Yes,No,No,No,No,No,No,No,Yes,Yes,Alex,No,verbal instructions,53,-100,100,-100,100,-100,91,-31,100,0
A2KRPK3GQR0GA9,Inactive,SensoryAI,2022-04-07 15:33:22,2022-04-07 15:38:48,35 - 44,high school,Male,Completely familiar,Extensive,Yes,No,No,No,No,No,No,Yes,Yes,Yes,Alex,No,tactile vibrations,100,-100,100,100,100,-100,100,-100,100,1
AMHUDJ44HF1ZH,Active,SensoryAI,2022-04-07 15:39:15,2022-04-07 15:45:01,Over 55,undergraduate,Male,Somewhat familiar,Significant,Yes,No,No,No,No,Yes,No,No,Yes,Yes,Alex,Yes,tactile vibrations,39,33,100,41,70,35,100,-67,100,1
A2SKY4RRWII0BF,Inactive,SensoryAI,2022-04-07 15:46:29,2022-04-07 15:56:36,Over 55,high school,Male,Somewhat familiar,Moderate,Yes,No,No,No,No,No,No,No,Yes,Yes,Alex,No,tactile vibrations,100,-100,100,-100,100,-100,38,39,100,0
A3DUPRZSMU9W5R,Active,SensoryAI,2022-04-07 16:02:02,2022-04-07 16:04:22,45 - 54,undergraduate,Female,Somewhat unfamiliar,None,Yes,No,No,No,No,No,No,No,Yes,Yes,Alex,Yes,tactile vibrations,2,2,80,2,69,2,68,2,100,0
AEZAQAXBFXYAT,Active,LinguisticAI,2022-04-07 16:01:49,2022-04-07 16:04:26,25 - 34,undergraduate,Female,Neither familiar  nor unfamiliar,None,Yes,No,No,No,No,No,No,No,Yes,Yes,Alex,Yes,verbal instructions,-70,-100,100,-81,36,-17,71,34,71,0
A1GRLZL4F72RBJ,Inactive,LinguisticAI,2022-04-07 16:01:00,2022-04-07 16:04:33,45 - 54,undergraduate,Male,Somewhat unfamiliar,Moderate,Yes,No,No,No,No,No,No,Yes,Yes,Yes,Alex,No,verbal instructions,32,-97,95,-93,68,-94,35,-93,68,1
A2O8I5KDFW41DO,Active,SensoryAI,2022-04-07 16:01:50,2022-04-07 16:05:03,35 - 44,undergraduate,Male,Somewhat unfamiliar,None,Yes,No,No,No,No,No,No,No,Yes,Yes,Alex,Yes,tactile vibrations,-100,69,-69,68,-68,66,100,-34,100,0
AJMBXR9T9XOUG,Active,LinguisticAI,2022-04-07 16:01:50,2022-04-07 16:05:55,35 - 44,undergraduate,Male,Somewhat familiar,Moderate,Yes,No,No,No,Yes,No,No,No,Yes,Yes,Alex,Yes,verbal instructions,48,32,34,20,60,29,85,16,41,1
A15DXD3Z1AHK6C,Inactive,LinguisticAI,2022-04-07 16:01:39,2022-04-07 16:06:01,25 - 34,graduate,Male,Somewhat familiar,A little,Yes,No,No,No,No,No,No,No,Yes,Yes,Alex,No,verbal instructions,-100,-43,82,-100,-100,-100,50,22,32,0
A271830PNYAI2G,Active,SensoryAI,2022-04-07 16:05:03,2022-04-07 16:08:29,35 - 44,undergraduate,Male,Somewhat familiar,A little,Yes,No,No,No,No,No,No,No,Yes,Yes,Alex,Yes,verbal instructions,21,54,24,41,37,69,58,38,68,0
A1KWC8TW8ANBQ8,Active,LinguisticAI,2022-04-07 16:07:56,2022-04-07 16:11:34,Over 55,undergraduate,Female,Somewhat familiar,Significant,Yes,No,No,No,No,No,No,No,Yes,Yes,Alex,Yes,verbal instructions,69,41,34,2,100,32,100,-32,100,0
AB8XECKH1JO8P,Inactive,SensoryAI,2022-04-07 16:02:50,2022-04-07 16:25:32,25 - 34,undergraduate,Female,Completely familiar,Moderate,Yes,No,No,No,No,No,No,No,Yes,Yes,Alex,No,tactile vibrations,100,-100,100,-100,100,-100,100,0,100,0
AKZD89B2WLSX7,Inactive,SensoryAI,2022-04-07 16:15:14,2022-04-07 16:26:21,45 - 54,graduate,Female,Somewhat familiar,A little,Yes,No,No,No,No,No,Yes,No,Yes,Yes,Alex,No,tactile vibrations,100,-100,100,-100,100,-100,100,-100,100,1
A3PNM68OZPN847,Active,LinguisticAI,2022-04-07 17:03:02,2022-04-07 17:07:25,25 - 34,high school,Male,Somewhat familiar,A little,Yes,No,No,No,No,No,No,No,Yes,Yes,Alex,Yes,verbal instructions,-75,17,48,27,47,25,100,-52,100,0
A3GXC3VG37CQ3G,Inactive,SensoryAI,2022-04-07 17:58:59,2022-04-07 18:03:08,35 - 44,undergraduate,Male,Somewhat familiar,A little,Yes,No,No,No,No,No,Yes,No,Yes,Yes,Alex,No,tactile vibrations,22,-100,41,-100,85,-100,70,12,100,1
A18Q4MV5K4AP3A,Active,SensoryAI,2022-04-07 19:21:12,2022-04-07 19:23:16,35 - 44,undergraduate,Male,Somewhat familiar,A little,Yes,No,No,No,No,No,No,No,Yes,Yes,Alex,Yes,tactile vibrations,27,100,33,100,31,100,40,-41,100,0
A2XIPFV7ENTREH,Inactive,SensoryAI,2022-04-07 19:21:15,2022-04-07 19:23:52,35 - 44,undergraduate,Female,Somewhat familiar,None,Yes,No,No,No,No,No,No,Yes,Yes,Yes,Alex,No,olfactory signals,46,-46,48,-50,44,-54,47,34,53,1
AOEO9ZV81R0I4,Active,SensoryAI,2022-04-07 19:21:24,2022-04-07 19:24:08,45 - 54,undergraduate,Male,Neither familiar  nor unfamiliar,A little,Yes,No,No,No,No,No,No,No,Yes,Yes,Alex,Yes,tactile vibrations,67,30,68,2,66,75,-67,40,35,0
A1CZ2GB5LZ9O5H,Active,LinguisticAI,2022-04-07 19:21:25,2022-04-07 19:24:17,Over 55,high school,Female,Somewhat familiar,A little,Yes,Yes,No,No,No,No,No,No,Yes,Yes,Alex,Yes,verbal instructions,-73,72,2,29,2,89,39,-29,100,1
ASY5W2HJPIPF4,Inactive,LinguisticAI,2022-04-07 19:21:23,2022-04-07 19:24:21,35 - 44,undergraduate,Male,Somewhat unfamiliar,A little,Yes,No,No,No,No,No,No,No,Yes,Yes,Alex,No,verbal instructions,100,-100,100,-100,100,-100,100,68,100,0
A1M3KGD9H8RTBH,Active,LinguisticAI,2022-04-07 19:21:21,2022-04-07 19:24:27,45 - 54,undergraduate,Prefer not to say,Somewhat familiar,None,Yes,No,No,No,No,No,No,No,Yes,Yes,Alex,Yes,verbal instructions,-33,-100,70,35,69,34,100,100,100,0
A39D2O58VQ5GMO,Inactive,LinguisticAI,2022-04-07 19:21:09,2022-04-07 19:24:40,25 - 34,high school,Female,Somewhat familiar,A little,Yes,No,No,No,No,No,No,No,Yes,Yes,Alex,No,verbal instructions,35,-100,100,-100,100,-100,100,-100,100,0
A108W7J8TZMI8G,Active,SensoryAI,2022-04-07 19:21:28,2022-04-07 19:24:53,35 - 44,high school,Female,Somewhat familiar,None,Yes,No,No,No,No,No,No,No,Yes,Yes,Alex,Yes,tactile vibrations,-100,2,-100,100,38,100,100,-100,100,0
A2DLV3WN24WTDS,Inactive,LinguisticAI,2022-04-07 19:21:42,2022-04-07 19:25:14,Over 55,undergraduate,Female,Somewhat unfamiliar,A little,Yes,No,No,No,No,No,No,No,Yes,Yes,Alex,No,verbal instructions,37,-100,100,-100,35,-100,100,-100,100,0
A3SEZKKY4AK5BX,Inactive,SensoryAI,2022-04-07 19:21:17,2022-04-07 19:25:19,35 - 44,graduate,Female,Somewhat familiar,None,Yes,No,No,No,No,No,Yes,Yes,Yes,Yes,Alex,No,tactile vibrations,100,-100,100,-96,100,-100,72,70,98,2
A747P92XNGD4W,Active,LinguisticAI,2022-04-07 19:21:12,2022-04-07 19:25:28,35 - 44,graduate,Female,Somewhat familiar,Moderate,Yes,No,No,No,No,No,No,Yes,Yes,Yes,Alex,Yes,verbal instructions,34,100,36,100,30,100,38,-37,100,1
A2EN7Q9EZAT638,Active,SensoryAI,2022-04-07 19:21:20,2022-04-07 19:25:46,35 - 44,graduate,Male,Completely familiar,A little,Yes,No,No,No,No,No,No,Yes,Yes,Yes,Alex,Yes,tactile vibrations,-33,100,-36,70,-32,100,100,-68,69,1
AOJD8D9NXVAR3,Inactive,LinguisticAI,2022-04-07 19:22:11,2022-04-07 19:28:51,Over 55,graduate,Female,Somewhat unfamiliar,None,Yes,No,No,No,No,No,No,Yes,Yes,Yes,Alex,No,verbal instructions,37,-70,69,-69,70,-67,68,-36,68,1
A2VAY8MBDZ834I,Inactive,SensoryAI,2022-04-07 19:21:24,2022-04-07 19:29:05,45 - 54,high school,Female,Neither familiar  nor unfamiliar,None,Yes,No,No,No,No,No,Yes,No,Yes,Yes,Alex,No,tactile vibrations,31,-100,69,-100,43,-100,71,-100,71,1
A3P74FP62XNVYI,Active,SensoryAI,2022-04-07 19:22:15,2022-04-07 19:29:24,Over 55,high school,Male,Somewhat familiar,A little,Yes,No,No,No,No,No,No,No,Yes,Yes,Alex,Yes,tactile vibrations,70,100,67,68,68,69,100,-100,100,0
A1HK32MD7F0B7F,Active,LinguisticAI,2022-04-07 19:28:47,2022-04-07 19:32:09,35 - 44,graduate,Male,Somewhat unfamiliar,A little,Yes,No,No,No,No,No,Yes,Yes,Yes,Yes,Alex,Yes,verbal instructions,-54,86,87,-34,30,98,68,56,100,2
AMKU7YXM3RZ8I,Inactive,LinguisticAI,2022-04-07 19:35:32,2022-04-07 19:38:13,25 - 34,graduate,Female,Somewhat familiar,None,Yes,No,No,No,No,No,No,No,Yes,Yes,Alex,No,verbal instructions,34,-100,100,-100,72,-100,100,-100,100,0
A27CEAL8PWSAG5,Inactive,SensoryAI,2022-04-07 19:36:06,2022-04-07 19:39:53,45 - 54,high school,Female,Somewhat familiar,A little,Yes,No,No,No,No,No,No,No,Yes,Yes,Alex,No,tactile vibrations,67,-100,100,-100,100,-100,-30,-100,64,0
A334XVDF4AIYQS,Active,SensoryAI,2022-04-07 19:32:36,2022-04-07 19:39:56,25 - 34,high school,Male,Somewhat familiar,None,Yes,No,No,No,No,No,No,No,Yes,Yes,Alex,Yes,tactile vibrations,35,35,71,40,70,38,100,-100,100,0
A3SETW6ELRDABV,Inactive,SensoryAI,2022-04-07 19:42:31,2022-04-07 19:48:59,35 - 44,undergraduate,Female,Neither familiar  nor unfamiliar,None,Yes,No,No,No,Yes,No,No,No,Yes,Yes,Alex,No,tactile vibrations,68,-71,57,-70,70,-74,38,2,55,1
A125AOX978LDG7,Inactive,LinguisticAI,2022-04-07 19:55:23,2022-04-07 19:59:26,35 - 44,undergraduate,Female,Somewhat familiar,A little,Yes,No,No,No,No,No,No,No,Yes,Yes,Alex,No,verbal instructions,100,-100,100,-100,100,-100,63,-100,37,0
A3MVVJHNQESGP4,Active,LinguisticAI,2022-04-07 19:49:41,2022-04-07 19:59:32,45 - 54,graduate,Male,Somewhat familiar,Significant,Yes,No,No,No,No,No,Yes,No,Yes,Yes,Alex,Yes,tactile vibrations,57,48,75,56,49,42,64,89,87,1
A748N8WFG2HR4,Active,SensoryAI,2022-04-07 19:44:05,2022-04-07 19:59:37,45 - 54,undergraduate,Female,Neither familiar  nor unfamiliar,A little,Yes,No,No,No,No,No,No,No,Yes,Yes,Alex,Yes,tactile vibrations,-100,100,68,100,100,-100,-67,-100,100,0
A1160COTUR26JZ,Inactive,LinguisticAI,2022-04-07 20:03:32,2022-04-07 20:06:06,45 - 54,undergraduate,Female,Somewhat familiar,A little,Yes,No,Yes,No,No,No,No,No,Yes,Yes,Alex,No,verbal instructions,100,-100,100,-100,100,-100,100,-100,100,1
A15RXO16LU4GFF,Inactive,SensoryAI,2022-04-07 20:10:13,2022-04-07 20:16:54,35 - 44,graduate,Female,Somewhat familiar,A little,No,No,No,No,No,No,No,No,Yes,Yes,Alex,No,verbal instructions,51,-97,100,-90,-25,-100,100,-48,100,1
A2THN8O1IQIRP7,Active,SensoryAI,2022-04-07 20:22:26,2022-04-07 20:24:11,25 - 34,undergraduate,Female,Somewhat familiar,A little,Yes,No,No,No,No,No,No,No,Yes,Yes,Alex,Yes,tactile vibrations,18,59,12,64,21,70,66,57,70,0
A37JSOJH9695SM,Active,LinguisticAI,2022-04-07 20:26:12,2022-04-07 20:31:50,25 - 34,undergraduate,Male,Completely familiar,A little,Yes,No,No,No,No,No,No,No,Yes,Yes,Alex,Yes,verbal instructions,-1,34,37,67,68,100,70,0,100,0
A21A1WG4T60KG0,Inactive,LinguisticAI,2022-04-07 20:32:28,2022-04-07 20:37:06,25 - 34,high school,Male,Neither familiar  nor unfamiliar,None,Yes,No,No,No,No,No,Yes,No,Yes,Yes,Alex,No,verbal instructions,37,-70,0,-65,32,-66,34,-45,73,1
A1DKVUTOBPQH11,Active,LinguisticAI,2022-04-07 20:42:02,2022-04-07 20:46:20,35 - 44,undergraduate,Male,Somewhat familiar,Extensive,Yes,No,No,No,No,No,No,No,Yes,Yes,Alex,Yes,verbal instructions,24,68,28,33,33,36,100,59,100,0
A3SGVL69ZBJ9CP,Active,SensoryAI,2022-04-07 21:04:30,2022-04-07 21:08:01,35 - 44,graduate,Male,Somewhat familiar,A little,Yes,No,No,No,Yes,No,No,Yes,Yes,Yes,Alex,Yes,tactile vibrations,-38,100,-56,100,-36,85,49,-30,100,2
A18G2CLYSTENK,Active,LinguisticAI,2022-04-07 21:03:09,2022-04-07 21:12:47,25 - 34,high school,Male,Completely familiar,Moderate,Yes,No,No,No,No,No,No,Yes,Yes,Yes,Alex,Yes,verbal instructions,0,100,18,24,34,68,100,39,100,1
A3OV174HQJIJK8,Inactive,SensoryAI,2022-04-07 21:25:12,2022-04-07 21:28:33,45 - 54,undergraduate,Male,Somewhat familiar,None,Yes,No,No,No,No,No,No,No,Yes,Yes,Alex,No,tactile vibrations,100,-100,100,-100,100,-100,100,-2,100,0
AOSO1D81K0ET0,Active,SensoryAI,2022-04-07 21:37:56,2022-04-07 21:42:34,Over 55,high school,Male,Completely familiar,None,Yes,No,No,No,No,No,No,No,Yes,Yes,Alex,Yes,tactile vibrations,-36,100,1,99,-70,100,68,-48,100,0
A1AIMKA54UBYIQ,Inactive,LinguisticAI,2022-04-07 23:45:02,2022-04-07 23:47:02,25 - 34,undergraduate,Female,Neither familiar  nor unfamiliar,None,Yes,No,No,No,No,No,No,No,Yes,Yes,Alex,No,verbal instructions,63,-100,93,-100,84,-100,100,97,100,0
A319K0FNHMV2PA,Active,LinguisticAI,2022-04-07 23:45:02,2022-04-07 23:47:30,25 - 34,graduate,Female,Completely familiar,A little,Yes,No,No,No,No,No,No,No,Yes,Yes,Alex,Yes,verbal instructions,2,46,-5,46,2,74,37,16,36,0
A1505ZMMJAAZE1,Active,SensoryAI,2022-04-07 23:45:15,2022-04-07 23:47:42,25 - 34,undergraduate,Female,Somewhat familiar,None,Yes,No,No,No,No,No,No,No,Yes,Yes,Alex,Yes,tactile vibrations,100,100,100,100,100,100,100,61,100,0
A11SEWSH1L50W1,Active,LinguisticAI,2022-04-07 23:44:16,2022-04-07 23:47:54,25 - 34,high school,Female,Completely familiar,Moderate,Yes,No,No,No,No,No,Yes,No,Yes,Yes,Alex,Yes,verbal instructions,-95,100,-100,100,-100,100,34,-100,100,1
A2TQ6V8HGK600E,Active,LinguisticAI,2022-04-07 23:46:29,2022-04-07 23:48:21,35 - 44,graduate,Male,Completely familiar,Extensive,Yes,No,No,No,No,No,No,No,Yes,Yes,Alex,Yes,verbal instructions,-1,-35,67,66,65,-34,100,68,100,0
A1B179AI3LZKWS,Inactive,SensoryAI,2022-04-07 23:45:14,2022-04-07 23:48:27,Over 55,undergraduate,Female,Neither familiar  nor unfamiliar,A little,Yes,No,No,No,No,No,No,No,Yes,Yes,Alex,No,tactile vibrations,52,-48,50,-48,55,-45,53,-40,55,0
A89EON3FG28ZW,Active,SensoryAI,2022-04-07 23:46:05,2022-04-07 23:49:02,35 - 44,undergraduate,Male,Somewhat familiar,Significant,Yes,No,No,No,No,No,No,No,Yes,Yes,Alex,Yes,tactile vibrations,100,100,100,100,100,100,100,-100,100,0
ABN6GDFW4N8AK,Active,SensoryAI,2022-04-07 23:45:15,2022-04-07 23:49:20,45 - 54,undergraduate,Male,Somewhat familiar,None,Yes,No,No,No,No,No,No,No,Yes,Yes,Alex,Yes,tactile vibrations,41,66,100,2,41,68,66,-39,100,0
A3EKKEZ21SGJEC,Inactive,LinguisticAI,2022-04-07 23:45:18,2022-04-07 23:49:24,Over 55,high school,Female,Neither familiar  nor unfamiliar,A little,Yes,No,No,No,No,No,No,No,Yes,Yes,Alex,No,verbal instructions,70,-100,70,-100,100,-100,68,-66,100,0
A2N8OVVRH7JN6V,Inactive,SensoryAI,2022-04-07 23:45:16,2022-04-07 23:50:55,35 - 44,graduate,Male,Somewhat familiar,Extensive,Yes,No,No,No,No,Yes,No,Yes,Yes,Yes,Alex,No,tactile vibrations,77,-80,67,-69,74,-60,-72,-53,63,2
AR3EC8BYLLMC1,Inactive,LinguisticAI,2022-04-07 23:46:10,2022-04-07 23:52:42,45 - 54,undergraduate,Female,Somewhat unfamiliar,A little,Yes,No,No,No,No,No,No,No,Yes,Yes,Alex,No,verbal instructions,100,-100,100,-35,100,-70,100,68,68,0
A6HRTXXSGJHP6,Inactive,LinguisticAI,2022-04-07 23:51:29,2022-04-07 23:54:09,25 - 34,high school,Prefer not to say,Somewhat familiar,A little,Yes,No,No,No,No,No,No,No,Yes,Yes,Alex,No,verbal instructions,100,-100,100,-100,100,-77,100,20,100,0
A20ASMCESA51U4,Active,LinguisticAI,2022-04-07 23:47:44,2022-04-07 23:54:34,Over 55,high school,Male,Somewhat unfamiliar,None,Yes,No,No,No,No,No,No,No,Yes,Yes,Alex,Yes,verbal instructions,100,-68,84,16,100,12,100,-100,98,0
AG6JSZQZOT8ZD,Inactive,SensoryAI,2022-04-07 23:48:00,2022-04-07 23:54:41,45 - 54,undergraduate,Female,Neither familiar  nor unfamiliar,None,Yes,No,No,No,No,No,No,No,Yes,Yes,Alex,No,tactile vibrations,100,-100,100,-100,100,-100,100,1,100,0
A3I55L67X0MWC4,Active,LinguisticAI,2022-04-07 23:54:28,2022-04-07 23:57:11,45 - 54,graduate,Female,Somewhat familiar,None,Yes,No,No,No,No,No,No,No,Yes,Yes,Alex,Yes,verbal instructions,0,46,38,85,30,67,35,42,67,0
A3A7O8IJMBLF5J,Inactive,SensoryAI,2022-04-07 23:45:14,2022-04-07 23:58:28,25 - 34,undergraduate,Female,Somewhat unfamiliar,None,Yes,No,No,No,No,No,No,No,Yes,Yes,Alex,No,verbal instructions,75,-100,100,-100,100,-100,100,-37,50,0
A20ASMCESA51U4,Active,SensoryAI,2022-04-07 23:55:15,2022-04-07 23:58:42,Over 55,high school,Male,Somewhat unfamiliar,None,Yes,No,No,No,No,No,No,No,Yes,Yes,Alex,Yes,tactile vibrations,69,-43,100,-66,92,32,100,-100,100,0
AKE4AYF86KJVU,Active,LinguisticAI,2022-04-07 23:58:30,2022-04-08 00:01:27,18 - 24,undergraduate,Male,Somewhat familiar,Moderate,Yes,No,No,No,Yes,No,No,No,Yes,Yes,Alex,Yes,verbal instructions,14,51,-22,98,27,100,76,25,49,1
A3RIX2H2NYLNC4,Inactive,LinguisticAI,2022-04-08 00:04:40,2022-04-08 00:07:18,25 - 34,undergraduate,Female,Somewhat familiar,A little,Yes,No,No,No,No,No,No,No,Yes,Yes,Alex,No,verbal instructions,-1,-100,100,-100,100,-100,100,-100,65,0
AYYBMS4XQJ9AP,Inactive,SensoryAI,2022-04-08 00:14:52,2022-04-08 00:18:02,35 - 44,undergraduate,Female,Somewhat unfamiliar,None,Yes,No,No,No,No,No,No,No,Yes,Yes,Alex,No,tactile vibrations,24,-100,32,-100,9,-100,100,18,100,0
A18VIO909RWY6D,Active,SensoryAI,2022-04-08 00:24:25,2022-04-08 00:27:06,25 - 34,high school,Male,Somewhat familiar,None,Yes,No,No,No,No,No,Yes,No,Yes,Yes,Alex,Yes,tactile vibrations,100,100,100,100,61,100,100,-24,100,1
A2LKGF193ZR5JP,Inactive,LinguisticAI,2022-04-08 00:23:17,2022-04-08 00:29:24,18 - 24,high school,Male,Somewhat familiar,Moderate,Yes,No,No,No,No,No,No,No,Yes,Yes,Alex,No,verbal instructions,35,-80,83,-100,100,-69,40,-8,63,0
A1SHPS9VF0XA6N,Inactive,SensoryAI,2022-04-08 00:45:45,2022-04-08 00:47:48,18 - 24,high school,Female,Neither familiar  nor unfamiliar,A little,Yes,No,No,No,No,No,No,No,Yes,Yes,Alex,No,tactile vibrations,13,-21,-26,2,-50,17,2,24,46,0
A3PQVDFT21IISU,Active,LinguisticAI,2022-04-08 00:45:43,2022-04-08 00:50:58,25 - 34,undergraduate,Female,Somewhat familiar,None,Yes,No,No,No,No,No,No,No,Yes,Yes,Alex,Yes,verbal instructions,-53,66,-68,100,-100,100,100,100,100,0
A2FYFCD16Z3PCC,Inactive,SensoryAI,2022-04-08 01:05:04,2022-04-08 01:10:54,25 - 34,undergraduate,Male,Somewhat familiar,A little,Yes,No,No,No,No,No,No,No,Yes,Yes,Alex,No,tactile vibrations,38,-100,100,-100,100,-100,100,-100,100,0
A1X44PCQAEIQ78,Inactive,LinguisticAI,2022-04-08 01:09:04,2022-04-08 01:13:12,35 - 44,undergraduate,Male,Neither familiar  nor unfamiliar,None,Yes,No,No,No,No,No,Yes,No,Yes,Yes,Alex,No,verbal instructions,88,-100,-100,-100,78,-100,-55,-30,100,1
A3E76V59BKGKCQ,Active,SensoryAI,2022-04-08 01:13:37,2022-04-08 01:16:05,18 - 24,high school,Male,Somewhat familiar,None,Yes,No,No,No,No,No,No,No,Yes,Yes,Alex,Yes,tactile vibrations,1,26,89,29,70,53,93,-23,89,0
AFPP36038S720,Active,LinguisticAI,2022-04-08 01:13:33,2022-04-08 01:17:30,25 - 34,high school,Male,Completely familiar,Moderate,Yes,No,No,No,No,No,No,No,Yes,Yes,Alex,Yes,verbal instructions,1,100,100,100,100,100,100,-100,100,0
AN4P0SU1YSPF2,Inactive,SensoryAI,2022-04-08 01:15:59,2022-04-08 01:18:24,45 - 54,undergraduate,Male,Somewhat familiar,A little,Yes,No,No,No,No,No,No,No,Yes,Yes,Alex,No,tactile vibrations,58,-100,100,-100,63,-100,100,100,100,0
A2R25RH05K0B68,Inactive,LinguisticAI,2022-04-08 01:18:38,2022-04-08 01:22:44,45 - 54,high school,Male,Somewhat unfamiliar,A little,Yes,No,No,No,No,No,No,No,Yes,Yes,Alex,No,verbal instructions,-68,-100,-39,-100,-41,-100,68,43,100,0
ARJ6SPCZJVARE,Active,SensoryAI,2022-04-08 01:25:14,2022-04-08 01:28:07,25 - 34,high school,Male,Completely familiar,A little,Yes,No,No,No,No,No,No,No,Yes,Yes,Alex,Yes,tactile vibrations,48,66,72,72,63,69,71,-37,94,0
A2ATWJ898WYDOZ,Active,LinguisticAI,2022-04-08 01:48:06,2022-04-08 01:50:59,18 - 24,high school,Male,Somewhat familiar,None,Yes,No,No,No,No,No,No,No,Yes,Yes,Alex,Yes,verbal instructions,30,100,35,69,69,100,69,36,100,0
A2L9763BW12NLA,Inactive,SensoryAI,2022-04-08 02:05:02,2022-04-08 02:07:49,25 - 34,graduate,Female,Somewhat familiar,A little,Yes,No,No,No,No,No,No,No,Yes,Yes,Alex,No,tactile vibrations,85,-100,100,-100,100,-100,40,19,38,0
AOJF7CPZVK5U3,Inactive,LinguisticAI,2022-04-08 15:11:40,2022-04-08 15:13:21,35 - 44,undergraduate,Female,Somewhat familiar,A little,Yes,No,No,No,No,No,No,No,Yes,Yes,Alex,No,verbal instructions,100,-100,100,-100,100,-100,68,30,68,0
A16KIS81ZPTTKL,Inactive,SensoryAI,2022-04-08 15:12:10,2022-04-08 15:14:06,35 - 44,graduate,Male,Somewhat familiar,A little,Yes,No,No,No,No,No,No,No,Yes,Yes,Alex,No,verbal instructions,94,-61,100,-82,83,-86,88,74,93,0
A40O6S62MI2VC,Active,LinguisticAI,2022-04-08 15:11:40,2022-04-08 15:14:14,35 - 44,high school,Male,Neither familiar  nor unfamiliar,None,Yes,No,No,No,No,No,Yes,No,Yes,Yes,Alex,Yes,verbal instructions,-100,100,-100,100,-100,100,100,-2,100,1
A1C1A02LRDH4CV,Active,SensoryAI,2022-04-08 15:11:07,2022-04-08 15:14:17,35 - 44,graduate,Female,Somewhat familiar,None,Yes,No,No,No,Yes,No,No,Yes,Yes,Yes,Alex,Yes,tactile vibrations,-70,35,-69,69,-69,70,100,-69,100,2
A2NVO55DO76R80,Active,LinguisticAI,2022-04-08 15:12:01,2022-04-08 15:14:18,45 - 54,graduate,Male,Somewhat familiar,A little,Yes,No,No,No,No,No,No,No,Yes,Yes,Alex,Yes,verbal instructions,100,100,100,100,100,100,100,-1,100,0
A2S00V7RUU121E,Active,SensoryAI,2022-04-08 15:11:57,2022-04-08 15:14:23,35 - 44,graduate,Male,Somewhat familiar,None,Yes,No,No,No,No,No,No,No,Yes,Yes,Alex,Yes,tactile vibrations,43,100,58,100,100,100,55,3,100,0
A330JJZGJL7IG2,Inactive,SensoryAI,2022-04-08 15:11:37,2022-04-08 15:14:58,Over 55,graduate,Female,Neither familiar  nor unfamiliar,None,Yes,No,No,No,No,No,No,No,Yes,Yes,Alex,No,tactile vibrations,83,-100,100,-100,100,-100,100,70,100,0
A58L6J62P9QT,Inactive,SensoryAI,2022-04-08 15:12:12,2022-04-08 15:15:01,35 - 44,high school,Female,Somewhat familiar,None,Yes,No,No,No,No,No,No,No,Yes,Yes,Alex,No,verbal instructions,69,-100,100,-100,100,-100,100,33,100,0
A35BPDG8IBBWJZ,Inactive,LinguisticAI,2022-04-08 15:12:11,2022-04-08 15:15:03,25 - 34,undergraduate,Male,Somewhat familiar,A little,Yes,No,No,No,No,No,No,No,Yes,Yes,Alex,No,verbal instructions,25,-100,77,-100,100,-100,100,1,36,0
A2KDAMD5LF5QIB,Active,LinguisticAI,2022-04-08 15:12:52,2022-04-08 15:15:07,35 - 44,graduate,Male,Somewhat familiar,Moderate,Yes,No,Yes,No,No,No,No,No,Yes,Yes,Alex,Yes,verbal instructions,-57,75,-28,83,36,95,48,-62,76,1
A1635L6G60W2S4,Active,SensoryAI,2022-04-08 15:12:15,2022-04-08 15:15:22,45 - 54,undergraduate,Female,Somewhat familiar,Significant,Yes,Yes,No,No,No,No,No,No,Yes,Yes,Alex,Yes,tactile vibrations,69,83,79,87,71,86,47,-100,100,1
A214SYJ4S05Y2A,Active,LinguisticAI,2022-04-08 15:12:13,2022-04-08 15:15:26,Over 55,graduate,Male,Somewhat familiar,A little,Yes,No,No,No,No,No,No,No,Yes,Yes,Alex,Yes,verbal instructions,26,2,20,71,59,71,100,2,100,0
A3CKW6Z31A411C,Inactive,LinguisticAI,2022-04-08 15:11:30,2022-04-08 15:15:42,35 - 44,undergraduate,Male,Somewhat familiar,Moderate,Yes,No,No,No,No,No,No,No,Yes,Yes,Alex,No,verbal instructions,32,-100,68,-100,100,-100,32,-34,68,0
A2HXAA4WF7IVYG,Inactive,SensoryAI,2022-04-08 15:11:55,2022-04-08 15:15:53,35 - 44,undergraduate,Female,Somewhat familiar,None,Yes,No,No,No,No,No,No,No,Yes,Yes,Alex,No,visual lights,13,31,25,59,16,18,26,19,19,0
A2KROBPV0YPE4A,Active,LinguisticAI,2022-04-08 15:11:53,2022-04-08 15:15:55,Over 55,undergraduate,Female,Somewhat familiar,A little,Yes,No,No,No,No,No,No,No,Yes,Yes,Alex,Yes,verbal instructions,70,55,100,70,100,67,71,68,100,0
A72SMXXWH4AOT,Active,LinguisticAI,2022-04-08 15:13:00,2022-04-08 15:15:57,35 - 44,undergraduate,Female,Somewhat unfamiliar,None,Yes,No,No,No,No,No,No,No,Yes,Yes,Alex,Yes,verbal instructions,16,50,73,58,100,64,100,68,100,0
A4BILFOXWQ1K1,Active,SensoryAI,2022-04-08 15:11:44,2022-04-08 15:16:07,Over 55,graduate,Female,Completely familiar,Moderate,Yes,No,No,No,No,No,No,No,Yes,Yes,Alex,Yes,tactile vibrations,-100,100,-100,100,-100,100,-36,-100,100,0
AR39OP4746H4F,Inactive,SensoryAI,2022-04-08 15:11:09,2022-04-08 15:16:15,35 - 44,high school,Female,Somewhat familiar,None,Yes,No,No,No,No,No,No,No,Yes,Yes,Alex,No,tactile vibrations,35,-100,93,-100,100,-100,68,69,100,0
ATZTNQDBCYYQA,Active,SensoryAI,2022-04-08 15:11:56,2022-04-08 15:16:27,35 - 44,graduate,Female,Neither familiar  nor unfamiliar,None,Yes,No,No,No,No,No,No,No,Yes,Yes,Alex,Yes,tactile vibrations,52,61,40,42,75,45,60,34,100,0
A1C1RJJBUKXQL5,Inactive,LinguisticAI,2022-04-08 15:11:57,2022-04-08 15:16:40,35 - 44,graduate,Male,Somewhat familiar,None,Yes,No,No,No,No,No,No,No,Yes,Yes,Alex,No,verbal instructions,-83,-100,100,-100,100,-100,100,-64,100,0
A3UZVATYJ9BYCW,Inactive,SensoryAI,2022-04-08 15:14:55,2022-04-08 15:17:05,25 - 34,undergraduate,Male,Neither familiar  nor unfamiliar,Moderate,Yes,No,No,No,No,No,No,No,Yes,Yes,Alex,No,tactile vibrations,-100,-100,100,-100,100,-100,100,100,100,0
A1HLDOM6JTYYI2,Inactive,LinguisticAI,2022-04-08 15:12:06,2022-04-08 15:18:36,25 - 34,undergraduate,Male,Somewhat familiar,Significant,Yes,No,No,No,No,No,No,No,Yes,Yes,Alex,No,verbal instructions,100,-87,100,-68,100,-100,100,26,100,0
A1HYNGG8LZUV47,Inactive,LinguisticAI,2022-04-08 15:11:56,2022-04-08 15:19:02,25 - 34,high school,Male,Somewhat familiar,None,Yes,No,No,No,No,No,Yes,No,Yes,Yes,Alex,No,verbal instructions,45,-34,6,-45,32,-46,-11,1,9,1
A1NGZUXK6DQIIP,Active,SensoryAI,2022-04-08 15:12:00,2022-04-08 15:20:05,35 - 44,undergraduate,Male,Somewhat familiar,None,Yes,No,No,No,No,No,No,No,Yes,Yes,Alex,Yes,tactile vibrations,69,69,68,68,69,69,33,31,69,0
A2CJFO19NY4T5R,Active,SensoryAI,2022-04-08 15:16:48,2022-04-08 15:21:06,35 - 44,undergraduate,Female,Somewhat unfamiliar,None,Yes,No,No,No,No,No,No,No,Yes,Yes,Alex,Yes,tactile vibrations,100,-100,100,2,100,71,100,100,100,0
A2K0L9M1ZZO5C9,Active,LinguisticAI,2022-04-08 15:11:08,2022-04-08 15:21:13,35 - 44,high school,Female,Somewhat familiar,A little,Yes,No,No,No,No,No,Yes,No,Yes,Yes,Alex,Yes,verbal instructions,0,-32,2,68,41,65,63,39,34,1
A2MT5WPIKBKWAU,Inactive,SensoryAI,2022-04-08 15:12:11,2022-04-08 15:21:23,25 - 34,high school,Female,Somewhat familiar,A little,Yes,No,No,No,No,No,No,No,Yes,Yes,Alex,No,tactile vibrations,-23,-100,100,-100,93,-100,70,-100,100,0
A15F2JTVAJXITI,Active,LinguisticAI,2022-04-08 15:33:46,2022-04-08 15:37:12,35 - 44,graduate,Female,Somewhat familiar,None,Yes,Yes,Yes,No,No,No,No,No,Yes,Yes,Alex,Yes,verbal instructions,72,100,98,57,60,100,92,33,100,2
ARLGZWN6W91WD,Inactive,LinguisticAI,2022-04-08 15:30:13,2022-04-08 15:37:33,25 - 34,undergraduate,Female,Somewhat familiar,Moderate,Yes,No,No,No,No,No,No,Yes,Yes,Yes,Alex,No,verbal instructions,3,-100,100,-100,100,-81,90,-64,66,1
A6JUD4NCQCDWG,Inactive,LinguisticAI,2022-04-08 15:39:38,2022-04-08 15:42:34,35 - 44,high school,Male,Somewhat familiar,None,Yes,No,No,No,No,No,No,No,Yes,Yes,Alex,No,verbal instructions,100,-100,100,-100,70,-100,100,-100,100,0
A39SK1E6IMQBD5,Active,SensoryAI,2022-04-08 15:45:01,2022-04-08 15:49:26,25 - 34,high school,Male,Somewhat familiar,None,Yes,No,No,No,No,No,No,No,Yes,Yes,Alex,Yes,tactile vibrations,-100,100,-100,100,-100,100,100,-100,100,0
APAURJ08JMJFN,Inactive,SensoryAI,2022-04-08 15:51:12,2022-04-08 15:53:10,35 - 44,graduate,Male,Somewhat familiar,Moderate,Yes,No,No,No,No,No,No,No,Yes,Yes,Alex,No,tactile vibrations,100,-100,98,-100,93,-100,100,100,100,0
A1QG4N21BF61PC,Active,SensoryAI,2022-04-08 15:59:53,2022-04-08 16:06:04,25 - 34,undergraduate,Female,Somewhat familiar,None,Yes,No,No,No,No,No,No,No,Yes,Yes,Alex,Yes,tactile vibrations,16,35,51,37,34,67,100,14,35,0
A1NIKHUA79SWGD,Inactive,SensoryAI,2022-04-08 16:13:14,2022-04-08 16:19:14,25 - 34,high school,Male,Completely familiar,A little,Yes,No,No,No,No,No,No,No,Yes,Yes,Alex,No,tactile vibrations,100,-100,100,-100,100,-100,100,100,100,0
A2PPTQXFVA9H38,Active,LinguisticAI,2022-04-08 16:24:18,2022-04-08 16:26:41,25 - 34,undergraduate,Male,Somewhat familiar,Moderate,Yes,No,No,No,No,No,Yes,No,Yes,Yes,Alex,Yes,verbal instructions,100,100,68,69,100,100,100,-35,100,1
A2RMJNF6IPI42F,Inactive,LinguisticAI,2022-04-08 17:33:29,2022-04-08 17:35:51,35 - 44,undergraduate,Female,Neither familiar  nor unfamiliar,None,Yes,No,No,No,No,No,No,No,Yes,Yes,Alex,No,verbal instructions,65,2,68,2,83,2,70,66,68,0
A14KDNZSWDFIE7,Active,SensoryAI,2022-04-08 17:40:17,2022-04-08 17:54:21,25 - 34,undergraduate,Male,Somewhat unfamiliar,Significant,Yes,No,No,No,No,No,No,No,Yes,Yes,Alex,Yes,visual lights,19,68,67,-21,58,46,-21,88,2,0
A364KJDYEBAWC9,Inactive,LinguisticAI,2022-04-08 20:10:03,2022-04-08 20:12:13,45 - 54,undergraduate,Male,Somewhat familiar,A little,Yes,No,Yes,No,No,No,No,No,Yes,Yes,Alex,No,verbal instructions,51,-100,100,-100,100,-100,100,-100,100,1
A2SHOFSQGLTOCE,Inactive,SensoryAI,2022-04-08 20:09:41,2022-04-08 20:12:28,35 - 44,undergraduate,Male,Somewhat familiar,A little,Yes,No,No,No,No,No,No,No,Yes,Yes,Alex,No,tactile vibrations,100,-100,100,-100,100,-100,65,-100,100,0
A1QT7BQZVOBSY0,Active,LinguisticAI,2022-04-08 20:09:59,2022-04-08 20:12:39,Over 55,high school,Female,Somewhat familiar,None,Yes,No,No,No,No,No,No,No,Yes,Yes,Alex,Yes,verbal instructions,100,65,74,-60,100,44,100,-66,100,0
AD7KTCCMS4A96,Active,SensoryAI,2022-04-08 20:09:51,2022-04-08 20:12:43,35 - 44,undergraduate,Male,Somewhat familiar,None,Yes,No,No,No,No,No,No,No,Yes,Yes,Alex,Yes,tactile vibrations,26,54,49,55,50,53,100,-20,100,0
A2ZPSPA0R8KSL8,Inactive,SensoryAI,2022-04-08 20:10:05,2022-04-08 20:13:15,35 - 44,graduate,Male,Somewhat familiar,None,Yes,No,No,No,No,No,No,No,Yes,Yes,Alex,No,verbal instructions,100,-100,100,-94,100,-100,38,-34,100,0
A3A88KYGNZJ0EQ,Active,LinguisticAI,2022-04-08 20:09:49,2022-04-08 20:13:30,25 - 34,undergraduate,Female,Somewhat familiar,None,Yes,No,No,No,No,No,No,No,Yes,Yes,Alex,Yes,verbal instructions,-21,69,34,34,15,70,70,-14,100,0
A16K7X677N4WN6,Active,SensoryAI,2022-04-08 20:09:54,2022-04-08 20:13:38,35 - 44,graduate,Male,Completely familiar,Extensive,Yes,No,No,No,No,No,No,No,Yes,Yes,Alex,Yes,tactile vibrations,-56,100,-54,100,-54,100,61,-100,100,0
A6OBT1RD68EMZ,Inactive,SensoryAI,2022-04-08 20:10:08,2022-04-08 20:13:41,Over 55,high school,Female,Somewhat familiar,None,Yes,No,No,No,No,No,No,No,Yes,Yes,Alex,No,tactile vibrations,99,-100,100,-99,100,-100,100,-100,99,0
A35OWV8U5NMY15,Inactive,LinguisticAI,2022-04-08 20:09:56,2022-04-08 20:13:44,Over 55,high school,Female,Somewhat familiar,None,Yes,No,No,No,No,No,No,No,Yes,Yes,Alex,No,verbal instructions,14,-100,69,-94,85,-100,25,14,100,0
A29GJGXFU9BQQG,Active,LinguisticAI,2022-04-08 20:10:25,2022-04-08 20:13:45,45 - 54,high school,Female,Neither familiar  nor unfamiliar,None,Yes,No,No,No,No,No,Yes,No,Yes,Yes,Alex,Yes,verbal instructions,70,66,2,66,69,100,74,33,100,1
A2OFN0A5CPLH57,Inactive,SensoryAI,2022-04-08 20:09:44,2022-04-08 20:13:57,35 - 44,undergraduate,Female,Somewhat unfamiliar,None,Yes,No,No,No,No,No,No,No,Yes,Yes,Alex,No,tactile vibrations,100,-100,100,-100,100,-100,100,34,69,0
A21P1T8EW4NHOU,Inactive,LinguisticAI,2022-04-08 20:11:53,2022-04-08 20:14:04,25 - 34,high school,Male,Somewhat unfamiliar,A little,Yes,No,No,No,No,No,No,No,Yes,Yes,Alex,No,verbal instructions,70,-68,66,-65,68,-70,70,-36,70,0
A15MD1NCLTDM4G,Active,LinguisticAI,2022-04-08 20:09:37,2022-04-08 20:14:10,25 - 34,graduate,Female,Somewhat familiar,Moderate,Yes,No,No,No,No,No,No,No,Yes,Yes,Alex,Yes,verbal instructions,50,19,60,44,48,62,40,-20,100,0
A260EJW55KFZX7,Inactive,SensoryAI,2022-04-08 20:10:52,2022-04-08 20:15:08,Over 55,undergraduate,Female,Neither familiar  nor unfamiliar,Moderate,Yes,No,No,No,No,No,No,No,Yes,Yes,Alex,No,tactile vibrations,100,-100,100,-100,100,-100,76,-100,-19,0
A2VLREMQN7N1N6,Inactive,LinguisticAI,2022-04-08 20:09:51,2022-04-08 20:15:18,45 - 54,high school,Male,Somewhat familiar,None,Yes,No,No,No,Yes,No,No,No,Yes,Yes,Alex,No,verbal instructions,-100,-100,-70,-100,-66,-100,100,-100,100,1
A179FA3NA9FQ47,Active,SensoryAI,2022-04-08 20:12:55,2022-04-08 20:15:36,35 - 44,high school,Female,Somewhat familiar,A little,Yes,No,No,No,No,No,No,No,Yes,Yes,Alex,Yes,tactile vibrations,19,-100,48,-32,22,38,52,16,90,0
A1BZNPQ0H7ZSER,Active,LinguisticAI,2022-04-08 20:12:01,2022-04-08 20:18:10,35 - 44,graduate,Male,Somewhat familiar,None,Yes,No,No,No,No,No,No,No,Yes,Yes,Alex,Yes,verbal instructions,70,100,68,69,69,68,68,68,100,0
A2OROMUVBD1NVC,Inactive,LinguisticAI,2022-04-08 20:14:17,2022-04-08 20:19:29,Over 55,graduate,Female,Somewhat familiar,None,Yes,No,No,No,No,No,No,No,Yes,Yes,Alex,No,verbal instructions,67,-100,100,-30,100,-100,100,-67,73,0
A2AO90MHX69U5J,Inactive,SensoryAI,2022-04-08 20:20:18,2022-04-08 20:21:51,25 - 34,undergraduate,Male,Somewhat familiar,A little,Yes,No,No,No,No,No,No,No,Yes,Yes,Alex,No,visual lights,1,-61,95,-56,40,-39,44,-3,39,0
A15OOL75GUYOT7,Active,SensoryAI,2022-04-08 20:11:24,2022-04-08 20:23:07,45 - 54,graduate,Male,Somewhat familiar,Extensive,Yes,No,No,No,No,No,Yes,No,Yes,Yes,Alex,Yes,tactile vibrations,69,35,100,35,69,38,100,33,69,1
A27EV0216FCLJW,Active,LinguisticAI,2022-04-08 20:23:21,2022-04-08 20:25:48,18 - 24,high school,Male,Somewhat familiar,A little,Yes,No,No,No,No,No,No,No,Yes,Yes,Alex,Yes,verbal instructions,0,-1,35,29,45,21,30,34,52,0
A2482EUQAOL9X8,Active,LinguisticAI,2022-04-08 20:22:44,2022-04-08 20:26:27,18 - 24,graduate,Female,Somewhat familiar,Moderate,Yes,No,No,No,No,No,No,No,Yes,Yes,Alex,Yes,verbal instructions,34,70,20,100,35,100,100,1,100,0
A23XR87ATML7A2,Active,SensoryAI,2022-04-08 20:09:56,2022-04-08 20:27:09,45 - 54,undergraduate,Male,Somewhat familiar,A little,Yes,No,No,No,No,No,No,No,Yes,Yes,Alex,Yes,tactile vibrations,-100,100,28,99,33,99,100,-100,39,0
A292TFDMNVS0TP,Inactive,LinguisticAI,2022-04-08 20:34:41,2022-04-08 20:36:58,45 - 54,undergraduate,Female,Somewhat familiar,None,Yes,No,No,No,No,No,No,Yes,Yes,Yes,Alex,No,verbal instructions,55,-76,77,-86,83,-69,15,36,2,1
A3862RIFFUV141,Inactive,SensoryAI,2022-04-08 20:33:50,2022-04-08 20:37:25,45 - 54,undergraduate,Male,Somewhat familiar,Moderate,Yes,No,No,No,No,No,No,No,Yes,Yes,Alex,No,verbal instructions,68,-100,100,-100,100,-100,43,44,100,0
A1QC1K71RGKZBI,Active,LinguisticAI,2022-04-08 20:41:51,2022-04-08 20:46:18,Over 55,undergraduate,Female,Somewhat familiar,None,Yes,No,No,No,No,No,No,No,Yes,Yes,Alex,Yes,verbal instructions,100,47,100,18,100,29,32,-100,100,0
A31A1PVXLJBISZ,Active,SensoryAI,2022-04-08 20:43:13,2022-04-08 21:04:43,25 - 34,undergraduate,Male,Somewhat familiar,A little,Yes,No,No,No,No,No,No,No,Yes,Yes,Alex,Yes,tactile vibrations,16,2,81,2,100,-4,76,-80,100,0
A255TQAF514QL6,Inactive,SensoryAI,2022-04-08 21:11:04,2022-04-08 21:13:14,25 - 34,undergraduate,Male,Somewhat familiar,A little,Yes,No,Yes,No,No,No,No,No,Yes,Yes,Alex,No,tactile vibrations,43,-33,47,-51,50,-46,35,47,38,1
A1RNVZBA9YT76K,Active,SensoryAI,2022-04-08 21:11:02,2022-04-08 21:13:37,45 - 54,graduate,Female,Neither familiar  nor unfamiliar,None,Yes,No,No,No,No,No,No,No,Yes,Yes,Alex,Yes,tactile vibrations,1,35,19,34,34,54,36,-35,100,0
A3Q7DITNWEO0N,Inactive,SensoryAI,2022-04-08 21:13:58,2022-04-08 21:16:47,25 - 34,undergraduate,Female,Neither familiar  nor unfamiliar,None,Yes,No,No,No,No,No,No,No,Yes,Yes,Alex,No,tactile vibrations,64,-60,61,-48,68,-75,61,-51,73,0
AV8T375ESPPPS,Inactive,LinguisticAI,2022-04-08 21:15:26,2022-04-08 21:18:29,25 - 34,undergraduate,Male,Somewhat familiar,Moderate,Yes,No,No,No,No,No,No,No,Yes,Yes,Alex,No,verbal instructions,100,-100,100,-100,100,-100,100,-100,100,0
AAE6DGZOC9EWQ,Active,LinguisticAI,2022-04-08 21:18:51,2022-04-08 21:22:54,25 - 34,high school,Male,Neither familiar  nor unfamiliar,A little,Yes,No,No,No,No,No,No,No,Yes,Yes,Alex,Yes,verbal instructions,100,-33,66,100,45,100,100,69,100,0
AE4FRGGT254D3,Inactive,SensoryAI,2022-04-08 21:19:39,2022-04-08 21:24:16,Over 55,undergraduate,Male,Somewhat familiar,Moderate,Yes,No,No,No,No,No,No,No,Yes,Yes,Alex,No,tactile vibrations,100,-100,100,-100,100,-100,100,-100,100,0
A2HEZ4001GAES4,Inactive,LinguisticAI,2022-04-08 21:27:22,2022-04-08 21:30:21,25 - 34,graduate,Male,Somewhat familiar,A little,Yes,No,No,No,No,No,No,No,Yes,Yes,Alex,No,verbal instructions,100,-100,100,-100,100,-100,100,-100,100,0
A3VMKLJTSGYKHN,Inactive,LinguisticAI,2022-04-08 21:42:22,2022-04-08 21:44:53,25 - 34,undergraduate,Male,Somewhat familiar,Significant,Yes,No,No,No,No,No,No,No,Yes,Yes,Alex,No,verbal instructions,-66,-100,100,-100,100,-100,100,-100,70,0
A2686G9C57JKE9,Active,LinguisticAI,2022-04-08 21:40:08,2022-04-08 21:44:59,25 - 34,undergraduate,Female,Neither familiar  nor unfamiliar,None,Yes,No,No,No,No,No,No,No,Yes,Yes,Alex,Yes,verbal instructions,20,100,-100,100,41,100,100,-36,100,0
A1TGV7LT6LTIQU,Active,SensoryAI,2022-04-08 21:57:59,2022-04-08 22:02:46,35 - 44,undergraduate,Male,Somewhat familiar,A little,Yes,No,No,No,No,No,No,Yes,Yes,Yes,Alex,Yes,tactile vibrations,-67,69,59,49,71,74,100,-70,100,1
