workerId,status,modality,StartDate,EndDate,Age,Education,Gender,AI.Knowledge,AI.Knowledge.2,comprehension1,comprehension2,comprehension3,comprehension4,comprehension5,comprehension6,comprehension7,comprehension8,comprehension9,comprehension10,Attention1,Attention2,Blame_Driver,Blame_AI,Responsibility_Driver,Responsibility_AI,Cause_Driver,Cause_AI,Counterfactual_Driver,Counterfactual_AI,Perception_AI,comprehension_errors
A26NGLGGFTATVN,Active,SensoryAI,2022-02-24 16:24:03,2022-02-24 16:25:48,35 - 44,high school,Male,Completely familiar,None,Yes,No,No,No,No,No,No,No,Yes,Yes,Alex,Yes,-33,100,-67,100,-32,100,34,35,100,0
A2NAKIXS3DVGAA,Inactive,LinguisticAI,2022-02-24 16:23:46,2022-02-24 16:28:14,25 - 34,undergraduate,Male,Somewhat unfamiliar,Moderate,Yes,No,No,No,No,No,No,No,Yes,Yes,Alex,No,36,-38,38,-36,38,-38,38,-36,68,0
A5P12YJP805RG,Inactive,LinguisticAI,2022-02-24 16:26:33,2022-02-24 16:28:37,25 - 34,high school,Male,Completely unfamiliar,A little,Yes,No,No,No,No,No,No,No,Yes,Yes,Alex,No,35,-100,35,-100,48,-100,22,-100,100,0
AG36U7IOG2LAP,Active,LinguisticAI,2022-02-24 16:26:07,2022-02-24 16:28:55,35 - 44,high school,Male,Somewhat familiar,A little,Yes,No,No,No,No,No,No,No,Yes,Yes,Alex,Yes,63,60,68,29,50,43,87,-56,88,0
A1MJVTR0PCKBWW,Inactive,SensoryAI,2022-02-24 16:25:17,2022-02-24 16:28:55,25 - 34,undergraduate,Female,Somewhat familiar,Moderate,Yes,No,No,No,No,No,No,No,Yes,Yes,Alex,No,-1,46,41,-25,4,38,34,2,57,0
A2JDYN6QM8M5UN,Active,SensoryAI,2022-02-24 16:27:48,2022-02-24 16:29:55,25 - 34,high school,Male,Somewhat familiar,None,Yes,No,No,No,No,No,No,No,Yes,Yes,Alex,Yes,70,-70,68,-68,70,-68,100,-69,100,0
APGX2WZ59OWDN,Inactive,SensoryAI,2022-02-24 16:27:28,2022-02-24 16:31:26,25 - 34,undergraduate,Female,Somewhat familiar,None,Yes,No,No,No,No,No,No,No,Yes,Yes,Alex,No,47,-71,90,-81,87,-94,47,-88,100,0
A2RRK8SV0VBLTJ,Active,LinguisticAI,2022-02-24 16:28:15,2022-02-24 16:31:31,18 - 24,high school,Male,Somewhat familiar,None,Yes,No,No,No,No,No,Yes,No,Yes,Yes,Alex,Yes,100,-100,100,-98,100,-98,100,-100,100,1
A16335MOISDG1F,Active,SensoryAI,2022-02-24 16:28:22,2022-02-24 16:34:18,35 - 44,high school,Male,Somewhat unfamiliar,None,Yes,No,No,No,No,No,No,No,Yes,Yes,Alex,Yes,68,-100,100,-100,68,-100,69,-34,100,0
AXMPSUNKUBEIL,Inactive,LinguisticAI,2022-02-24 16:32:31,2022-02-24 16:35:25,35 - 44,high school,Male,Somewhat familiar,A little,Yes,No,No,No,No,No,No,No,Yes,Yes,Alex,No,71,-100,69,-100,60,-100,58,-65,86,0
AIEKCWYZTS41V,Inactive,LinguisticAI,2022-02-24 16:34:04,2022-02-24 16:36:35,35 - 44,high school,Male,Somewhat familiar,A little,Yes,No,No,No,No,No,No,Yes,Yes,Yes,Alex,No,68,-100,67,-100,66,-100,68,-100,100,1
ACKG8OU1KHKO2,Active,LinguisticAI,2022-02-24 16:36:58,2022-02-24 16:39:50,25 - 34,undergraduate,Male,Somewhat familiar,Significant,Yes,No,No,No,Yes,No,No,Yes,Yes,Yes,Alex,Yes,100,-100,100,-92,100,-63,100,-68,100,2
A18T3WK7J16C1B,Active,SensoryAI,2022-02-24 16:37:53,2022-02-24 16:40:10,25 - 34,high school,Female,Neither familiar  nor unfamiliar,None,Yes,No,No,No,No,No,No,No,Yes,Yes,Alex,Yes,63,-100,63,-100,25,-100,78,-51,37,0
A3J2UG22S8BIW4,Active,LinguisticAI,2022-02-24 16:42:26,2022-02-24 16:46:44,35 - 44,graduate,Male,Somewhat familiar,A little,Yes,No,No,No,No,No,No,No,Yes,Yes,Alex,Yes,47,-61,45,-75,41,-76,25,-57,100,0
A1FVXS8IM5QYO8,Active,SensoryAI,2022-02-24 16:44:41,2022-02-24 16:46:46,Over 55,high school,Female,Somewhat familiar,A little,Yes,No,No,No,No,No,No,No,Yes,Yes,Alex,Yes,-86,55,-82,52,-59,45,-27,56,100,0
A3TP7NJZHR6WZ1,Inactive,LinguisticAI,2022-02-24 16:31:29,2022-02-24 16:49:23,25 - 34,high school,Male,Somewhat familiar,None,Yes,Yes,No,No,No,No,No,No,Yes,Yes,Alex,No,66,35,56,46,16,-12,67,1,100,1
A1GKD3NG1NNHRP,Inactive,SensoryAI,2022-02-24 16:34:20,2022-02-24 16:50:58,Over 55,undergraduate,Female,Somewhat unfamiliar,None,Yes,No,No,No,No,No,No,No,Yes,Yes,Alex,No,71,-64,76,-54,63,-65,-41,5,57,0
A2ONILC0LZKG6Y,Inactive,SensoryAI,2022-02-24 16:49:44,2022-02-24 16:52:16,45 - 54,undergraduate,Female,Somewhat familiar,A little,Yes,No,No,No,No,No,No,No,Yes,Yes,Alex,No,23,-100,17,-100,17,-100,35,-100,100,0
A3FJCLBK3HF4PD,Inactive,SensoryAI,2022-02-24 16:49:47,2022-02-24 16:53:41,25 - 34,graduate,Male,Somewhat familiar,Moderate,Yes,No,No,No,Yes,No,No,Yes,Yes,Yes,Alex,No,-40,69,-28,58,-29,52,-20,85,100,2
ASQJ4Z3WF3ZFP,Active,SensoryAI,2022-02-24 16:50:24,2022-02-24 16:54:53,45 - 54,high school,Female,Somewhat familiar,A little,Yes,No,No,No,No,No,No,Yes,Yes,Yes,Alex,Yes,100,-100,100,-100,70,-100,-100,-100,100,1
A1K8QNLYYYX21W,Inactive,LinguisticAI,2022-02-24 16:45:38,2022-02-24 16:55:05,25 - 34,undergraduate,Male,Somewhat familiar,Moderate,Yes,No,No,No,No,No,No,No,Yes,Yes,Alex,No,-100,-97,100,-100,100,-100,100,-57,100,0
A10HW8JXM17XLD,Active,LinguisticAI,2022-02-24 16:49:56,2022-02-24 16:55:30,35 - 44,undergraduate,Female,Somewhat familiar,A little,Yes,No,No,No,No,No,No,No,Yes,Yes,Alex,Yes,-47,21,-49,15,-47,15,-49,34,100,0
A2CK0OXMPOR9LE,Inactive,LinguisticAI,2022-02-24 16:55:19,2022-02-24 16:57:46,25 - 34,undergraduate,Male,Neither familiar  nor unfamiliar,None,Yes,No,No,No,No,No,No,No,Yes,Yes,Alex,No,-24,-100,-30,-100,-36,-100,2,34,100,0
A1AAP4BW3TDT67,Active,SensoryAI,2022-02-24 16:56:32,2022-02-24 16:59:47,45 - 54,undergraduate,Male,Neither familiar  nor unfamiliar,A little,Yes,No,No,No,No,No,No,No,Yes,Yes,Alex,Yes,100,-100,100,-100,100,-100,100,-74,100,0
AIWSB4YTN32GF,Inactive,SensoryAI,2022-02-24 17:02:49,2022-02-24 17:04:54,25 - 34,high school,Male,Somewhat familiar,A little,Yes,No,No,No,No,No,No,No,Yes,Yes,Alex,No,100,-100,100,-100,100,-100,100,100,100,0
A1P47Q6LZPLQ6P,Inactive,LinguisticAI,2022-02-24 17:04:26,2022-02-24 17:06:31,25 - 34,undergraduate,Male,Somewhat familiar,Moderate,Yes,No,No,No,No,No,No,Yes,Yes,Yes,Alex,No,94,-100,83,-100,94,-100,56,34,100,1
AU849EHZNGV2Z,Active,LinguisticAI,2022-02-24 17:06:20,2022-02-24 17:09:23,35 - 44,undergraduate,Male,Somewhat familiar,A little,Yes,No,No,No,No,No,No,No,Yes,Yes,Alex,Yes,30,-66,48,-69,3,-80,34,-4,57,0
A3T1KRG2ENHASZ,Active,LinguisticAI,2022-02-24 17:11:26,2022-02-24 17:15:17,25 - 34,undergraduate,Female,Somewhat familiar,Significant,Yes,No,No,No,No,No,Yes,No,Yes,Yes,Alex,Yes,35,-34,37,-67,37,-100,-36,-100,70,1
A1YZ0ETOCJO1B2,Active,SensoryAI,2022-02-24 17:11:33,2022-02-24 17:15:32,35 - 44,undergraduate,Male,Somewhat familiar,A little,Yes,No,No,No,No,No,No,No,Yes,Yes,Alex,Yes,49,-11,61,-45,77,-28,-12,-80,36,0
A3VEF4M5FIN7KH,Inactive,LinguisticAI,2022-02-24 17:09:37,2022-02-24 17:17:04,35 - 44,high school,Male,Completely familiar,A little,Yes,No,No,No,No,No,No,No,Yes,Yes,Alex,No,100,-100,100,-100,100,-100,100,100,100,0
A2EI075XZT9Y2S,Inactive,SensoryAI,2022-02-24 17:12:07,2022-02-24 17:19:33,35 - 44,high school,Male,Somewhat unfamiliar,None,Yes,No,No,No,No,No,No,No,Yes,Yes,Alex,No,-61,-100,11,-100,16,-100,-82,-100,100,0
A27W025UEXS1G0,Inactive,SensoryAI,2022-02-24 17:16:20,2022-02-24 17:19:51,35 - 44,high school,Male,Completely familiar,A little,Yes,No,No,No,No,No,No,Yes,Yes,Yes,Alex,No,45,-83,42,-95,54,-95,33,-91,58,1
AAQREZOK13OV7,Active,LinguisticAI,2022-02-24 17:25:14,2022-02-24 17:27:00,25 - 34,undergraduate,Male,Completely familiar,Moderate,Yes,No,No,No,No,No,No,No,Yes,Yes,Alex,Yes,100,-100,100,-100,100,-100,85,-92,100,0
A2WDF40FA670T9,Active,SensoryAI,2022-02-24 17:30:42,2022-02-24 17:35:22,Over 55,undergraduate,Male,Somewhat familiar,Moderate,Yes,No,No,No,No,No,No,No,Yes,Yes,Alex,Yes,100,-68,99,-98,100,-100,70,-69,100,0
AV5FCKI1TTSKR,Inactive,LinguisticAI,2022-02-24 17:53:58,2022-02-24 17:56:11,45 - 54,undergraduate,Male,Completely familiar,Extensive,Yes,No,No,No,No,No,No,Yes,Yes,Yes,Alex,No,100,-100,100,-100,100,-100,100,-100,100,1
A2FHJCRBRP7VH4,Active,SensoryAI,2022-02-24 18:13:57,2022-02-24 18:16:14,25 - 34,high school,Female,Completely familiar,None,Yes,No,No,No,No,No,No,No,Yes,Yes,Alex,Yes,-56,100,100,100,-60,100,100,-53,100,0
A6JKKANO7F4KD,Inactive,LinguisticAI,2022-02-24 20:14:51,2022-02-24 20:17:33,Over 55,undergraduate,Male,Somewhat unfamiliar,A little,Yes,No,No,No,No,No,No,No,Yes,Yes,Alex,No,72,-100,75,-100,74,-100,66,19,100,0
A38I0E8UK53ME5,Inactive,SensoryAI,2022-02-24 20:14:57,2022-02-24 20:18:04,35 - 44,undergraduate,Female,Somewhat unfamiliar,None,Yes,No,No,No,No,No,No,No,Yes,Yes,Alex,No,100,-100,100,-100,100,-100,100,-100,100,0
A3FNC8ELMK8YJA,Inactive,LinguisticAI,2022-02-24 20:15:24,2022-02-24 20:18:07,Over 55,graduate,Female,Somewhat familiar,None,Yes,No,No,No,No,No,No,No,Yes,Yes,Alex,No,78,-87,60,-83,63,-85,68,-87,66,0
A1P6OXEJ86HQRM,Active,SensoryAI,2022-02-24 20:15:56,2022-02-24 20:18:57,35 - 44,undergraduate,Male,Somewhat unfamiliar,None,Yes,No,No,No,No,No,No,No,Yes,Yes,Alex,Yes,80,-84,87,-96,92,-99,35,-44,100,0
AMPR904VJJFZY,Active,LinguisticAI,2022-02-24 20:17:03,2022-02-24 20:18:57,25 - 34,graduate,Female,Neither familiar  nor unfamiliar,None,Yes,No,No,No,No,No,No,No,Yes,Yes,Alex,Yes,2,36,2,2,22,-1,100,34,100,0
A2B153AHPWHLH1,Inactive,SensoryAI,2022-02-24 20:15:48,2022-02-24 20:19:35,Over 55,undergraduate,Male,Somewhat familiar,None,Yes,No,No,No,No,No,No,No,Yes,Yes,Alex,No,88,-100,83,-100,84,-100,74,-100,100,0
A1PTX4IB9R34LI,Active,LinguisticAI,2022-02-24 20:18:49,2022-02-24 20:21:15,35 - 44,undergraduate,Male,Somewhat familiar,None,Yes,No,No,No,No,No,No,No,Yes,Yes,Alex,Yes,-81,-63,-70,-74,-86,-68,-39,-66,100,0
A204Q4T20BP8V,Active,SensoryAI,2022-02-24 20:18:03,2022-02-24 20:22:19,35 - 44,undergraduate,Male,Somewhat familiar,A little,Yes,No,No,No,No,No,No,No,Yes,Yes,Alex,Yes,53,-70,49,-70,52,-69,51,-69,42,0
A2M183CETUMR96,Inactive,SensoryAI,2022-02-24 20:18:07,2022-02-24 20:22:46,35 - 44,primary school,Male,Neither familiar  nor unfamiliar,None,Yes,No,No,No,No,No,No,No,Yes,Yes,Alex,No,34,-100,32,-100,40,-100,36,-100,32,0
A3AJJHOAV7WIUQ,Inactive,LinguisticAI,2022-02-24 20:19:39,2022-02-24 20:24:01,45 - 54,undergraduate,Female,Completely familiar,A little,Yes,No,No,No,No,No,No,Yes,Yes,Yes,Alex,No,62,-69,68,-68,99,-65,36,-70,67,1
A3RYI5HXC2MJLN,Inactive,LinguisticAI,2022-02-24 20:21:37,2022-02-24 20:24:21,35 - 44,high school,Male,Somewhat familiar,A little,Yes,No,No,No,Yes,No,No,No,Yes,Yes,Alex,No,39,-91,67,-69,59,-71,69,-71,66,1
A2ELXYKRPPGRPB,Active,SensoryAI,2022-02-24 20:21:55,2022-02-24 20:24:27,35 - 44,undergraduate,Female,Somewhat familiar,Moderate,Yes,No,No,No,No,No,No,No,Yes,Yes,Alex,Yes,67,-72,39,-100,38,-100,32,-66,100,0
A1OZPLHNIU1519,Inactive,LinguisticAI,2022-02-24 20:21:15,2022-02-24 20:24:35,Over 55,high school,Male,Somewhat familiar,A little,Yes,No,No,No,No,No,No,No,Yes,Yes,Alex,No,68,-100,68,-100,67,-100,66,-100,69,0
A163XFZG5BI0XU,Active,LinguisticAI,2022-02-24 20:23:06,2022-02-24 20:26:02,35 - 44,undergraduate,Male,Somewhat familiar,Moderate,Yes,No,No,No,No,No,No,No,Yes,Yes,Alex,Yes,82,29,29,28,71,27,81,-30,74,0
A2WJMGV0HKQG3Z,Inactive,SensoryAI,2022-02-24 20:22:35,2022-02-24 20:27:07,Over 55,high school,Female,Somewhat familiar,A little,Yes,No,No,No,No,No,Yes,Yes,Yes,Yes,Alex,No,100,-100,100,-100,100,-100,100,74,100,2
A2KW87ZD2ELYNG,Active,LinguisticAI,2022-02-24 20:24:51,2022-02-24 20:30:24,35 - 44,high school,Male,Somewhat familiar,Moderate,Yes,No,No,No,No,No,Yes,No,Yes,Yes,Alex,Yes,38,-43,28,-63,21,-39,20,-1,59,1
A1S1K7134S2VUC,Inactive,SensoryAI,2022-02-24 20:22:57,2022-02-24 20:31:12,45 - 54,graduate,Male,Somewhat familiar,Moderate,Yes,Yes,No,No,No,No,No,No,Yes,Yes,Alex,No,68,-100,67,-69,70,-69,68,-70,67,1
A2NI22SB1OFE1S,Active,SensoryAI,2022-02-24 20:25:31,2022-02-24 20:31:30,25 - 34,undergraduate,Female,Somewhat unfamiliar,None,Yes,No,No,No,No,No,No,No,Yes,Yes,Alex,Yes,97,-15,39,-98,85,-99,34,-100,98,0
A11F3MA5FWH6SJ,Inactive,SensoryAI,2022-02-24 20:42:19,2022-02-24 20:45:25,35 - 44,high school,Male,Somewhat familiar,None,Yes,No,No,No,No,No,No,No,Yes,Yes,Alex,No,100,-100,24,-100,0,-100,1,0,41,0
A3I40B0FATY8VH,Active,SensoryAI,2022-02-24 20:43:20,2022-02-24 20:46:53,25 - 34,high school,Male,Somewhat unfamiliar,None,Yes,No,No,No,No,No,No,No,Yes,Yes,Alex,Yes,-45,60,-17,59,-22,55,-15,61,100,0
A1A0F0BAX3CDTF,Active,LinguisticAI,2022-02-24 20:51:52,2022-02-24 20:54:32,25 - 34,undergraduate,Female,Somewhat familiar,Moderate,No,No,No,No,Yes,No,No,No,Yes,Yes,Alex,Yes,-19,34,43,-20,21,28,29,46,52,2
A31USOVE4ZIOCE,Inactive,SensoryAI,2022-02-24 20:48:22,2022-02-24 20:55:49,18 - 24,high school,Male,Somewhat familiar,A little,Yes,No,No,No,No,No,No,No,Yes,Yes,Alex,No,68,-100,66,-100,67,-100,100,32,30,0
A272X64FOZFYLB,Active,SensoryAI,2022-02-24 21:01:27,2022-02-24 21:03:49,25 - 34,undergraduate,Male,Somewhat familiar,A little,Yes,No,No,No,No,No,No,No,Yes,Yes,Alex,Yes,69,-68,66,-100,93,-100,100,-100,100,0
A1UXVLMCA3PBIL,Active,SensoryAI,2022-02-24 21:07:17,2022-02-24 21:09:16,45 - 54,high school,Female,Somewhat unfamiliar,None,Yes,No,No,No,No,No,No,No,Yes,Yes,Alex,Yes,36,-34,40,-35,32,-34,37,-72,68,0
A4J4GGMKJ68L0,Inactive,SensoryAI,2022-02-24 21:05:10,2022-02-24 21:09:31,18 - 24,undergraduate,Male,Completely familiar,Extensive,Yes,No,No,No,No,No,No,Yes,No,Yes,Alex,No,100,-100,100,-100,100,-100,100,-100,100,2
A2PSR3CMNR1R9X,Inactive,LinguisticAI,2022-02-24 21:08:37,2022-02-24 21:10:45,35 - 44,high school,Male,Somewhat unfamiliar,None,Yes,No,No,No,No,No,No,No,Yes,Yes,Alex,No,60,-100,100,-100,68,-100,19,-50,100,0
A358YR7MWC6LRH,Active,LinguisticAI,2022-02-24 21:08:25,2022-02-24 21:10:50,25 - 34,undergraduate,Male,Somewhat familiar,Moderate,Yes,No,No,No,No,No,No,No,Yes,Yes,Alex,Yes,100,-100,100,-100,100,-100,100,-100,100,0
AFK9ALQK5GPNG,Active,SensoryAI,2022-02-24 21:12:33,2022-02-24 21:14:47,35 - 44,undergraduate,Male,Somewhat familiar,Moderate,Yes,No,No,No,No,No,No,No,Yes,Yes,Alex,Yes,10,2,70,-49,33,-71,66,14,100,0
AQRKP48O0WKBW,Inactive,SensoryAI,2022-02-24 21:43:31,2022-02-24 21:46:28,25 - 34,undergraduate,Male,Neither familiar  nor unfamiliar,None,Yes,No,No,No,No,No,No,No,Yes,Yes,Alex,No,60,-66,63,-100,75,-69,37,72,82,0
A3L2XKXABNO0N5,Inactive,LinguisticAI,2022-02-24 21:55:08,2022-02-24 21:59:26,35 - 44,undergraduate,Female,Somewhat familiar,None,Yes,No,No,No,No,No,No,No,Yes,Yes,Alex,No,-33,-100,-39,-100,25,-100,-28,-100,100,0
A2V6E7SGEU0EFD,Active,LinguisticAI,2022-02-24 21:56:15,2022-02-24 22:00:41,25 - 34,graduate,Male,Neither familiar  nor unfamiliar,Moderate,Yes,No,No,No,No,No,No,No,Yes,Yes,Alex,Yes,-31,-28,18,-30,23,-25,-14,-31,65,0
AWO111PUS65OY,Inactive,SensoryAI,2022-02-24 22:09:28,2022-02-24 22:13:19,25 - 34,undergraduate,Female,Neither familiar  nor unfamiliar,None,Yes,No,No,No,No,No,No,No,Yes,Yes,Alex,No,75,-69,88,-86,87,-84,83,70,79,0
A3HQXCWOIQKT4F,Inactive,LinguisticAI,2022-02-24 22:22:19,2022-02-24 22:25:53,25 - 34,undergraduate,Male,Neither familiar  nor unfamiliar,None,Yes,No,No,No,No,No,No,No,Yes,Yes,Alex,No,68,-100,69,-100,70,-100,35,-100,69,0
A107RJSS561Y7R,Active,SensoryAI,2022-02-24 22:31:38,2022-02-24 22:33:43,35 - 44,high school,Male,Neither familiar  nor unfamiliar,None,Yes,No,No,No,No,No,No,Yes,Yes,Yes,Alex,Yes,-81,62,-68,34,-50,48,3,17,36,1
A11WCFPJSR5VZP,Inactive,SensoryAI,2022-02-24 22:35:22,2022-02-24 22:37:57,25 - 34,undergraduate,Female,Somewhat familiar,A little,Yes,No,No,No,No,No,No,No,Yes,Yes,Alex,No,100,65,100,1,100,0,68,-55,100,0
A1TPGXT718D68E,Active,LinguisticAI,2022-02-24 23:20:18,2022-02-24 23:23:44,35 - 44,undergraduate,Female,Completely familiar,None,Yes,No,No,No,No,No,No,No,Yes,Yes,Alex,Yes,-32,-69,31,-89,-30,-91,31,37,100,0
A1LRJ4U04532TM,Inactive,LinguisticAI,2022-02-25 01:01:19,2022-02-25 01:03:30,45 - 54,high school,Female,Somewhat familiar,None,Yes,No,No,No,No,No,No,No,Yes,Yes,Alex,No,-98,-97,-84,-75,-20,-93,-26,-70,24,0
AR5RKWHR0DUCS,Active,SensoryAI,2022-02-25 01:01:55,2022-02-25 01:04:25,Over 55,undergraduate,Male,Somewhat unfamiliar,A little,Yes,No,No,No,No,No,No,No,Yes,Yes,Alex,Yes,70,-67,68,-69,69,-69,65,-70,71,0
APV3GK8ZEXB0J,Active,SensoryAI,2022-02-25 01:01:51,2022-02-25 01:04:49,Over 55,undergraduate,Female,Somewhat unfamiliar,None,Yes,No,No,No,No,No,No,No,Yes,Yes,Alex,Yes,100,-100,100,-100,100,-100,100,100,100,0
A235DXY5FJN0IW,Active,LinguisticAI,2022-02-25 01:02:10,2022-02-25 01:04:53,25 - 34,undergraduate,Female,Somewhat familiar,None,Yes,No,No,No,No,No,No,No,Yes,Yes,Alex,Yes,100,-100,100,-100,100,-100,82,-100,100,0
A37S96RT1P1IT2,Inactive,SensoryAI,2022-02-25 01:06:03,2022-02-25 01:07:49,35 - 44,undergraduate,Female,Somewhat familiar,None,Yes,No,No,No,No,No,No,No,Yes,Yes,Alex,No,-86,-100,-100,-100,-74,-100,-71,1,100,0
A2XPWASDT8AYXH,Active,LinguisticAI,2022-02-25 01:10:13,2022-02-25 01:13:06,45 - 54,undergraduate,Male,Somewhat familiar,Extensive,Yes,No,No,No,No,No,No,No,Yes,Yes,Alex,Yes,-37,74,-30,70,-30,70,-32,-37,67,0
A1I7H6RDJS4EKN,Inactive,LinguisticAI,2022-02-25 01:06:13,2022-02-25 01:13:32,Over 55,high school,Male,Somewhat familiar,A little,Yes,No,No,No,No,No,No,No,Yes,Yes,Alex,No,45,-100,35,-100,41,-100,46,-100,100,0
A3RHJEMZ4EGY2U,Inactive,SensoryAI,2022-02-25 01:11:38,2022-02-25 01:15:37,25 - 34,undergraduate,Female,Somewhat familiar,Moderate,Yes,No,No,No,No,No,No,No,Yes,Yes,Alex,No,100,-100,100,-100,100,-100,100,-100,100,0
AHZ7C7ETHYX3N,Inactive,LinguisticAI,2022-02-25 01:14:03,2022-02-25 01:16:20,Over 55,undergraduate,Male,Neither familiar  nor unfamiliar,None,Yes,No,No,No,No,No,No,No,Yes,Yes,Alex,No,100,-100,100,-100,100,-100,100,-100,100,0
A307K1CZXGBN4L,Active,SensoryAI,2022-02-25 01:02:49,2022-02-25 01:17:03,45 - 54,graduate,Male,Somewhat familiar,Moderate,Yes,No,No,No,No,No,No,No,Yes,Yes,Alex,Yes,71,-100,70,-100,71,-100,100,-70,100,0
A13FUEPWBCLBUY,Active,SensoryAI,2022-02-25 01:13:37,2022-02-25 01:18:47,35 - 44,graduate,Male,Completely familiar,None,Yes,No,No,No,No,No,No,No,Yes,Yes,Alex,Yes,100,-100,100,-100,100,2,100,2,100,0
A2SLEMDA17XTZ1,Inactive,SensoryAI,2022-02-25 01:15:34,2022-02-25 01:19:18,45 - 54,high school,Female,Somewhat unfamiliar,A little,Yes,No,No,No,No,No,No,No,Yes,Yes,Alex,No,70,-100,71,-100,100,-100,43,10,69,0
A5NE8TWS8ZV7B,Active,LinguisticAI,2022-02-25 01:18:36,2022-02-25 01:21:16,35 - 44,undergraduate,Female,Somewhat familiar,A little,Yes,No,No,No,No,No,No,No,Yes,Yes,Alex,Yes,-100,-100,-100,-99,-100,-100,-100,-69,100,0
A2VA0NCPWJ8XZG,Inactive,LinguisticAI,2022-02-25 01:21:25,2022-02-25 01:23:23,35 - 44,undergraduate,Male,Somewhat familiar,Moderate,Yes,No,No,No,No,No,No,No,Yes,Yes,Alex,No,100,-100,100,-100,100,-100,100,-100,100,0
AOOLS8280CL0Z,Inactive,SensoryAI,2022-02-25 01:19:51,2022-02-25 01:23:54,Over 55,high school,Female,Somewhat familiar,None,Yes,No,No,No,No,No,No,No,Yes,Yes,Alex,No,100,-100,100,-100,100,-100,100,-100,100,0
A1BIJGB7XA0GME,Active,LinguisticAI,2022-02-25 01:23:45,2022-02-25 01:28:05,Over 55,undergraduate,Female,Somewhat familiar,None,Yes,No,No,No,No,No,No,Yes,Yes,Yes,Alex,Yes,100,-41,100,-100,100,-100,47,-100,100,1
A27O7H19C0WQ7T,Active,SensoryAI,2022-02-25 01:25:42,2022-02-25 01:29:09,35 - 44,undergraduate,Female,Somewhat familiar,None,Yes,No,No,No,No,No,Yes,No,Yes,Yes,Alex,Yes,-98,-46,-77,-86,-96,-55,-51,-99,58,1
A30MP4LXV4MIFD,Inactive,LinguisticAI,2022-02-25 01:32:18,2022-02-25 01:37:59,25 - 34,undergraduate,Male,Somewhat familiar,A little,Yes,No,No,No,No,No,No,No,Yes,Yes,Alex,No,-17,21,26,18,-53,-26,21,29,14,0
A3N7R7P9HP2YB6,Inactive,SensoryAI,2022-02-25 01:42:40,2022-02-25 01:44:35,Over 55,undergraduate,Male,Somewhat familiar,A little,Yes,No,No,No,No,No,No,No,Yes,Yes,Alex,No,100,-100,100,-100,100,-100,100,-66,100,0
A2SWQM5X54P1O5,Active,LinguisticAI,2022-02-25 01:50:26,2022-02-25 01:53:12,35 - 44,undergraduate,Female,Neither familiar  nor unfamiliar,None,Yes,No,No,No,No,No,No,No,Yes,Yes,Alex,Yes,-57,86,-56,74,-54,81,-71,55,31,0
A1FHC4Z6QXDQSS,Active,SensoryAI,2022-02-25 01:47:56,2022-02-25 01:54:47,35 - 44,high school,Male,Somewhat familiar,A little,Yes,No,No,No,No,No,No,No,Yes,Yes,Alex,Yes,44,-66,54,-55,42,-50,2,-55,70,0
A3H32595TVJ34Q,Active,SensoryAI,2022-02-25 01:50:26,2022-02-25 01:56:10,35 - 44,high school,Female,Somewhat familiar,None,Yes,No,No,No,No,No,No,No,Yes,Yes,Alex,Yes,-39,30,-36,-26,-36,-35,40,38,4,0
A3LL096CAY5WHB,Inactive,LinguisticAI,2022-02-25 02:05:21,2022-02-25 02:07:09,25 - 34,high school,Male,Somewhat familiar,A little,Yes,No,No,No,No,No,No,No,Yes,Yes,Alex,No,-100,96,-100,85,-100,100,-80,100,43,0
AJRY9ALX8069Y,Inactive,SensoryAI,2022-02-25 02:11:24,2022-02-25 02:16:24,35 - 44,undergraduate,Female,Somewhat familiar,A little,Yes,No,No,No,No,No,No,No,Yes,Yes,Alex,No,89,-82,77,-94,99,-79,66,-64,67,0
A1WJIRT360P5VB,Inactive,SensoryAI,2022-02-25 02:23:36,2022-02-25 02:27:32,35 - 44,high school,Male,Somewhat familiar,Moderate,Yes,No,No,No,No,No,No,No,Yes,Yes,Alex,No,100,-100,-100,-100,100,-100,36,-100,100,0
ADJ9I7ZBFYFH7,Active,SensoryAI,2022-02-25 02:26:07,2022-02-25 02:29:41,25 - 34,high school,Male,Neither familiar  nor unfamiliar,A little,Yes,No,No,No,No,No,No,No,Yes,Yes,Alex,Yes,91,-86,100,-85,86,-83,59,-100,100,0
A3ROADR7T6811,Inactive,LinguisticAI,2022-02-25 02:26:01,2022-02-25 02:45:06,25 - 34,undergraduate,Male,Neither familiar  nor unfamiliar,A little,Yes,No,No,No,No,No,No,No,Yes,Yes,Alex,No,16,-88,-38,-54,17,-78,-3,25,75,0
A3APKUC67F9IMW,Active,LinguisticAI,2022-02-25 02:49:30,2022-02-25 02:53:51,35 - 44,undergraduate,Male,Completely familiar,Moderate,Yes,No,No,No,No,No,No,No,Yes,Yes,Alex,Yes,63,-71,66,-59,25,-39,63,12,96,0
A3VL1CBZ3BGQK7,Active,LinguisticAI,2022-02-25 02:54:21,2022-02-25 02:56:48,45 - 54,undergraduate,Female,Somewhat familiar,A little,Yes,No,No,No,No,No,No,No,Yes,Yes,Alex,Yes,97,36,83,-11,44,-10,7,40,28,0
A2NKW6JBEM4LL4,Inactive,SensoryAI,2022-02-25 03:08:12,2022-02-25 03:15:30,35 - 44,graduate,Male,Somewhat familiar,A little,Yes,No,No,No,No,No,No,Yes,Yes,Yes,Alex,No,90,-95,88,-97,88,-99,32,2,39,1
A1VRG5HKZC0H0C,Inactive,LinguisticAI,2022-02-25 03:15:40,2022-02-25 03:18:12,35 - 44,graduate,Male,Neither familiar  nor unfamiliar,None,Yes,No,No,No,No,No,No,No,Yes,Yes,Alex,No,80,-100,66,-100,100,-100,12,-100,100,0
A1T643M1P572AA,Inactive,LinguisticAI,2022-02-25 03:33:19,2022-02-25 03:37:02,35 - 44,undergraduate,Male,Somewhat familiar,A little,Yes,No,No,No,No,No,No,Yes,Yes,Yes,Alex,No,82,24,100,34,57,23,53,-100,100,1
A46JB04UAHTCJ,Active,SensoryAI,2022-02-25 03:38:16,2022-02-25 03:40:28,25 - 34,undergraduate,Male,Neither familiar  nor unfamiliar,None,Yes,No,No,No,No,No,No,No,Yes,Yes,Alex,Yes,-14,10,-15,24,-27,27,-21,18,54,0
A1A7HKFWGH77QH,Inactive,SensoryAI,2022-02-25 03:51:38,2022-02-25 03:53:47,25 - 34,undergraduate,Male,Somewhat familiar,Moderate,Yes,No,No,No,No,No,No,Yes,Yes,Yes,Alex,No,-72,-100,-68,-100,-100,-100,-72,1,100,1
A3C3Q963MQDPGT,Active,LinguisticAI,2022-02-25 03:51:58,2022-02-25 03:54:34,35 - 44,undergraduate,Male,Somewhat familiar,A little,Yes,No,No,No,No,No,No,No,Yes,Yes,Alex,Yes,100,-67,100,-98,100,-100,-69,-81,95,0
A2R75YFKVALBXE,Inactive,LinguisticAI,2022-02-25 03:56:52,2022-02-25 04:00:08,Over 55,graduate,Male,Somewhat familiar,A little,Yes,No,No,No,No,No,No,No,Yes,Yes,Alex,No,44,-100,45,-100,35,-100,-62,1,100,0
A1VWLIXBS4WDOD,Active,SensoryAI,2022-02-25 04:20:05,2022-02-25 04:23:43,35 - 44,undergraduate,Male,Neither familiar  nor unfamiliar,None,Yes,No,No,No,No,No,No,No,Yes,Yes,Alex,Yes,96,-78,98,-74,85,-77,87,-56,68,0
A38OPVI04AH4JG,Inactive,SensoryAI,2022-02-25 15:33:19,2022-02-25 15:35:39,45 - 54,undergraduate,Male,Somewhat familiar,Moderate,Yes,No,No,No,No,No,No,No,Yes,Yes,Alex,No,100,-100,100,-100,100,-100,100,-100,100,0
AMELYCC59JKB0,Active,LinguisticAI,2022-02-25 15:33:11,2022-02-25 15:35:54,35 - 44,undergraduate,Female,Somewhat familiar,None,Yes,No,No,No,No,No,No,No,Yes,Yes,Alex,Yes,83,-100,100,-99,79,-100,-47,-81,97,0
A28BWXVCFZI7EU,Inactive,LinguisticAI,2022-02-25 15:33:08,2022-02-25 15:36:12,25 - 34,graduate,Female,Somewhat familiar,A little,Yes,No,No,No,No,No,No,Yes,Yes,Yes,Alex,No,54,-100,56,-100,35,-99,34,70,100,1
A17LWFDOQOYQXS,Inactive,SensoryAI,2022-02-25 15:33:28,2022-02-25 15:36:16,25 - 34,graduate,Male,Somewhat familiar,A little,Yes,No,No,No,No,No,Yes,No,Yes,Yes,Alex,No,2,-33,2,2,2,35,-36,75,70,1
A3E8SXH0BAYG85,Active,SensoryAI,2022-02-25 15:33:13,2022-02-25 15:36:26,35 - 44,high school,Male,Somewhat familiar,A little,Yes,No,No,No,No,No,No,Yes,Yes,Yes,Alex,Yes,90,-55,80,-84,82,-100,12,-85,100,1
A11S8IAAVDXCUS,Active,LinguisticAI,2022-02-25 15:34:06,2022-02-25 15:36:37,25 - 34,high school,Female,Somewhat familiar,None,Yes,No,No,No,No,No,No,No,Yes,Yes,Alex,Yes,50,-36,45,-38,50,-53,41,-66,100,0
A20X6V1AAXZGNZ,Active,SensoryAI,2022-02-25 15:34:17,2022-02-25 15:37:00,25 - 34,high school,Male,Somewhat familiar,A little,Yes,No,No,No,No,No,No,No,Yes,Yes,Alex,Yes,100,-100,100,-100,100,-100,100,-100,69,0
A1WEN4S934ZZ1U,Active,LinguisticAI,2022-02-25 15:34:43,2022-02-25 15:38:12,18 - 24,undergraduate,Female,Somewhat familiar,None,Yes,No,No,No,No,No,No,No,Yes,Yes,Alex,Yes,31,-70,36,-100,33,-69,36,-100,68,0
A2N533GEQEZ7ZB,Active,LinguisticAI,2022-02-25 15:34:11,2022-02-25 15:38:19,35 - 44,undergraduate,Female,Somewhat familiar,Significant,Yes,No,No,No,No,No,No,Yes,Yes,Yes,Alex,Yes,21,45,44,39,39,33,12,-19,-15,1
A3CTXWISODY7D8,Inactive,LinguisticAI,2022-02-25 15:34:48,2022-02-25 15:39:01,35 - 44,undergraduate,Male,Somewhat familiar,Moderate,Yes,No,No,No,No,No,No,No,Yes,Yes,Alex,No,65,-100,100,-100,88,-100,100,-100,100,0
A19WXS1CLVLEEX,Inactive,LinguisticAI,2022-02-25 15:37:03,2022-02-25 15:39:37,Over 55,undergraduate,Male,Somewhat familiar,None,Yes,No,No,No,No,No,No,No,Yes,Yes,Alex,No,-37,-38,-67,-35,-30,-99,-70,-33,100,0
A2Q7Q8O7H77FMF,Inactive,SensoryAI,2022-02-25 15:38:23,2022-02-25 15:41:00,25 - 34,undergraduate,Female,Completely familiar,Significant,Yes,No,No,Yes,No,No,No,Yes,Yes,Yes,Alex,No,-30,-39,-12,-38,-67,-55,-41,62,86,2
A2DVV59R1CQU6T,Inactive,LinguisticAI,2022-02-25 15:43:46,2022-02-25 15:46:07,25 - 34,undergraduate,Other,Somewhat familiar,Moderate,Yes,No,No,No,No,No,No,No,Yes,Yes,Alex,No,100,-100,100,-100,68,-100,33,-100,100,0
A2IP3ZAFYGV8M9,Active,LinguisticAI,2022-02-25 15:44:17,2022-02-25 15:47:01,25 - 34,high school,Male,Somewhat familiar,Significant,Yes,No,No,No,No,No,No,No,Yes,Yes,Alex,Yes,100,-100,100,-100,100,-100,100,36,100,0
AMTTB8JUWRRM7,Inactive,SensoryAI,2022-02-25 15:49:33,2022-02-25 15:51:24,25 - 34,undergraduate,Female,Somewhat familiar,A little,Yes,No,No,No,No,No,No,No,Yes,Yes,Alex,No,2,-100,-9,-100,-50,-100,7,-100,100,0
A3QNCW3LR2AVOV,Active,SensoryAI,2022-02-25 15:58:46,2022-02-25 16:01:47,45 - 54,high school,Male,Somewhat familiar,None,Yes,No,No,No,No,No,No,No,Yes,Yes,Alex,Yes,50,-30,26,-34,1,-47,30,-40,65,0
A3LVLZS8S41ZD7,Active,SensoryAI,2022-02-25 16:01:59,2022-02-25 16:05:20,45 - 54,undergraduate,Female,Somewhat familiar,None,Yes,No,No,No,No,No,No,No,Yes,Yes,Alex,Yes,-71,-51,-67,-69,-70,-68,-68,-49,70,0
A3HNEYFOIJWPH1,Inactive,LinguisticAI,2022-02-25 16:13:15,2022-02-25 16:15:41,35 - 44,high school,Male,Somewhat familiar,Moderate,Yes,No,No,No,No,No,No,No,Yes,Yes,Alex,No,47,-50,62,-47,55,-46,53,-38,52,0
A7P3R1AIA4TVV,Active,LinguisticAI,2022-02-25 16:16:05,2022-02-25 16:18:11,35 - 44,undergraduate,Male,Somewhat familiar,A little,Yes,No,No,No,No,No,No,No,Yes,Yes,Alex,Yes,70,-51,37,-52,2,-76,83,-45,86,0
A1Q56N80RJLQ7S,Active,SensoryAI,2022-02-25 16:20:48,2022-02-25 16:23:15,25 - 34,undergraduate,Male,Somewhat familiar,Significant,Yes,No,No,No,No,No,No,No,Yes,Yes,Alex,Yes,-28,-39,61,55,43,35,57,66,94,0
A1NLJ1L4VCQYV2,Inactive,LinguisticAI,2022-02-25 16:24:03,2022-02-25 16:28:21,35 - 44,high school,Male,Somewhat unfamiliar,None,Yes,No,No,No,No,No,Yes,No,Yes,Yes,Alex,No,92,-69,91,-68,100,-69,55,-69,70,1
AV22FQTJNBUZT,Inactive,SensoryAI,2022-02-25 16:27:15,2022-02-25 16:28:52,35 - 44,undergraduate,Female,Completely unfamiliar,None,Yes,No,No,No,No,No,No,No,Yes,Yes,Alex,No,33,-100,36,-100,48,-100,20,77,100,0
A1YTNGH5SMM2CJ,Inactive,LinguisticAI,2022-02-25 16:26:02,2022-02-25 16:31:03,25 - 34,graduate,Male,Somewhat familiar,A little,Yes,No,No,No,No,No,No,No,Yes,Yes,Alex,No,52,-100,56,-100,58,-100,52,-100,100,0
A26RO8GGTQAXGG,Inactive,SensoryAI,2022-02-25 16:35:45,2022-02-25 16:39:00,Over 55,undergraduate,Female,Somewhat familiar,A little,Yes,No,No,No,No,No,No,Yes,Yes,Yes,Alex,No,100,-100,100,-100,100,-100,63,-100,15,1
ARSK5MFVR1P59,Active,LinguisticAI,2022-02-25 16:33:58,2022-02-25 16:40:56,45 - 54,high school,Male,Somewhat familiar,Moderate,Yes,No,No,No,No,No,No,No,Yes,Yes,Alex,Yes,100,-100,100,-100,100,-100,100,29,100,0
AZ8JL3QNIPY4U,Inactive,LinguisticAI,2022-02-25 16:40:20,2022-02-25 16:42:34,25 - 34,high school,Female,Completely familiar,A little,Yes,No,No,No,No,No,No,No,Yes,Yes,Alex,No,100,-100,100,-100,100,-100,62,100,100,0
A137S1RZ4VDLUB,Active,SensoryAI,2022-02-25 16:43:50,2022-02-25 16:46:19,25 - 34,graduate,Female,Completely familiar,A little,Yes,No,No,No,No,No,No,No,Yes,Yes,Alex,Yes,35,-74,30,-70,41,-76,66,71,68,0
A1BVG13MHBM1YD,Inactive,SensoryAI,2022-02-25 16:42:39,2022-02-25 16:46:43,35 - 44,high school,Female,Somewhat unfamiliar,None,Yes,No,No,No,No,No,Yes,No,Yes,Yes,Alex,No,100,-100,100,-100,100,-100,47,-100,70,1
A1G452MFAS690B,Active,LinguisticAI,2022-02-25 17:36:13,2022-02-25 17:38:09,25 - 34,undergraduate,Female,Somewhat familiar,A little,Yes,No,No,No,No,No,No,No,Yes,Yes,Alex,Yes,39,17,80,-34,72,-25,2,-26,72,0
A23OR0D1FCUVMM,Inactive,LinguisticAI,2022-02-25 18:11:28,2022-02-25 18:14:54,Over 55,high school,Male,Somewhat familiar,Moderate,Yes,No,No,No,No,No,No,No,Yes,Yes,Alex,No,100,-100,100,-100,100,-100,100,-69,65,0
A2H2DJL45BZBD,Inactive,SensoryAI,2022-02-25 18:24:31,2022-02-25 18:26:32,25 - 34,high school,Male,Neither familiar  nor unfamiliar,Significant,Yes,No,No,No,No,No,No,Yes,Yes,Yes,Alex,No,66,-47,80,-50,82,-35,69,1,94,1
A2AJ5QFNC9KF43,Active,SensoryAI,2022-02-25 19:17:05,2022-02-25 19:18:38,35 - 44,graduate,Male,Somewhat familiar,A little,Yes,No,No,No,No,No,No,No,Yes,Yes,Alex,Yes,37,68,35,67,34,77,72,78,100,0
A1ROEDVMTO9Y3X,Active,LinguisticAI,2022-02-25 19:31:30,2022-02-25 19:33:34,45 - 54,high school,Female,Completely familiar,Extensive,Yes,No,No,No,No,No,No,Yes,Yes,Yes,Alex,Yes,-17,9,70,-37,67,11,28,50,78,1
AT8D7EFQBPON8,Inactive,LinguisticAI,2022-02-25 19:32:08,2022-02-25 19:34:41,45 - 54,graduate,Female,Completely unfamiliar,None,Yes,No,No,No,No,No,No,No,Yes,Yes,Alex,No,100,-100,100,-100,100,-100,100,32,100,0
A1YSYI926BBOHW,Inactive,SensoryAI,2022-02-25 19:33:37,2022-02-25 19:35:40,35 - 44,undergraduate,Male,Completely familiar,Moderate,Yes,No,No,No,No,No,No,No,Yes,Yes,Alex,No,100,-100,100,-100,66,-100,100,-68,100,0
AYXN53TNFG71P,Active,SensoryAI,2022-02-25 19:31:47,2022-02-25 19:35:58,Over 55,high school,Female,Somewhat familiar,None,Yes,No,No,No,No,No,No,No,Yes,Yes,Alex,Yes,68,-68,100,-72,50,-36,100,-100,100,0
AU34T9OMHN4Z4,Inactive,LinguisticAI,2022-02-25 19:33:06,2022-02-25 19:36:32,35 - 44,high school,Female,Neither familiar  nor unfamiliar,None,Yes,No,No,No,No,No,No,No,Yes,Yes,Alex,No,17,-100,35,-100,10,-100,8,1,100,0
AXPZAP62ZYWP8,Inactive,SensoryAI,2022-02-25 19:32:01,2022-02-25 19:36:35,25 - 34,high school,Male,Somewhat familiar,A little,Yes,No,No,No,No,No,No,No,Yes,Yes,Alex,No,78,-93,73,-69,71,-86,33,-91,99,0
A3BU8UL4W258UU,Active,SensoryAI,2022-02-25 19:33:45,2022-02-25 19:37:12,35 - 44,undergraduate,Male,Somewhat unfamiliar,None,Yes,No,No,No,No,No,No,Yes,Yes,Yes,Alex,Yes,28,73,30,38,15,29,-9,35,83,1
AV7UX8QQXABSK,Active,LinguisticAI,2022-02-25 19:33:53,2022-02-25 19:37:19,25 - 34,undergraduate,Male,Completely familiar,Moderate,Yes,No,No,No,No,No,No,No,Yes,Yes,Alex,Yes,-100,100,100,100,71,100,100,0,100,0
AIZTLQM7HHQN6,Active,SensoryAI,2022-02-25 19:35:58,2022-02-25 19:38:55,25 - 34,undergraduate,Male,Somewhat familiar,Moderate,Yes,No,No,No,No,No,No,No,Yes,Yes,Alex,Yes,28,-86,16,-74,43,-76,51,-31,90,0
A7TI4X4LRGQA0,Inactive,SensoryAI,2022-02-25 19:37:16,2022-02-25 19:40:04,35 - 44,undergraduate,Male,Somewhat unfamiliar,A little,Yes,No,No,No,No,No,No,No,Yes,Yes,Alex,No,100,-100,100,-100,-28,-100,50,-100,100,0
A38N2MBXP7IOPS,Inactive,LinguisticAI,2022-02-25 19:32:46,2022-02-25 19:40:19,Over 55,undergraduate,Female,Somewhat familiar,None,Yes,No,No,No,No,No,No,No,Yes,Yes,Alex,No,100,-100,100,-100,100,-100,100,-100,100,0
A1EN3FW93BSXQQ,Active,LinguisticAI,2022-02-25 19:39:19,2022-02-25 19:41:48,25 - 34,undergraduate,Female,Somewhat familiar,A little,Yes,No,No,No,No,No,No,No,Yes,Yes,Alex,Yes,68,34,69,17,68,35,53,34,68,0
A5T9IFDZ3W4T6,Active,LinguisticAI,2022-02-25 19:37:24,2022-02-25 19:42:07,25 - 34,undergraduate,Male,Completely familiar,A little,Yes,No,No,No,No,No,No,No,Yes,Yes,Alex,Yes,-46,37,41,-29,68,-24,19,66,86,0
A25CZJEFKXF4UV,Inactive,SensoryAI,2022-02-25 19:39:48,2022-02-25 19:42:08,25 - 34,undergraduate,Male,Somewhat familiar,Moderate,Yes,No,No,No,No,No,No,Yes,Yes,Yes,Alex,No,100,-100,100,-100,99,-100,100,-100,49,1
A122LRCSBAD6DC,Inactive,LinguisticAI,2022-02-25 19:41:09,2022-02-25 19:43:39,25 - 34,undergraduate,Male,Somewhat familiar,A little,Yes,No,No,No,No,No,No,No,Yes,Yes,Alex,No,33,-38,33,-34,34,-35,67,-67,2,0
A14OQ52EFQAN2W,Active,SensoryAI,2022-02-25 19:41:07,2022-02-25 19:46:40,25 - 34,undergraduate,Male,Somewhat unfamiliar,A little,Yes,No,No,No,No,No,No,No,Yes,Yes,Alex,Yes,35,-35,34,-35,37,-30,33,-33,100,0
A2GTJ0BD4CG1A2,Active,SensoryAI,2022-02-25 19:46:00,2022-02-25 19:50:08,35 - 44,high school,Male,Somewhat familiar,A little,Yes,No,No,No,No,No,No,No,Yes,Yes,Alex,Yes,69,-34,69,-34,69,-68,34,-34,100,0
A19ZWBQT8A3LIR,Inactive,LinguisticAI,2022-02-25 19:49:03,2022-02-25 19:51:22,25 - 34,undergraduate,Male,Somewhat familiar,None,Yes,No,No,No,No,No,No,No,Yes,Yes,Alex,No,100,-100,100,-100,100,-100,100,69,100,0
ANQ0RLFEZ17W0,Active,LinguisticAI,2022-02-25 19:47:42,2022-02-25 19:53:48,25 - 34,undergraduate,Female,Somewhat familiar,A little,Yes,No,No,No,No,No,No,No,Yes,Yes,Alex,Yes,54,-34,51,-40,37,-45,28,22,70,0
ANUA9X7BFPTR8,Inactive,LinguisticAI,2022-02-25 19:48:44,2022-02-25 19:53:48,25 - 34,undergraduate,Female,Somewhat unfamiliar,None,Yes,No,No,No,No,No,No,No,Yes,Yes,Alex,No,2,-100,36,-100,51,-100,2,-48,31,0
AXXA481XH6FKE,Inactive,SensoryAI,2022-02-25 19:51:23,2022-02-25 19:53:55,25 - 34,high school,Female,Completely familiar,A little,Yes,No,No,No,No,No,No,No,Yes,Yes,Alex,No,60,-100,69,-100,100,-100,59,-100,100,0
A25AYMSZNDW1VJ,Inactive,SensoryAI,2022-02-25 19:45:55,2022-02-25 19:55:53,35 - 44,undergraduate,Male,Somewhat familiar,A little,Yes,No,No,No,No,No,No,No,Yes,Yes,Alex,No,43,-68,30,-66,65,-70,92,65,100,0
A2INXY39KBM92F,Inactive,SensoryAI,2022-02-25 19:48:49,2022-02-25 19:56:17,25 - 34,primary school,Male,Somewhat familiar,A little,Yes,No,No,No,No,No,No,No,Yes,Yes,Alex,No,23,-100,20,-21,-22,-23,100,-100,100,0
A2WPKP73S4MBLK,Active,LinguisticAI,2022-02-25 19:54:41,2022-02-25 19:57:13,25 - 34,undergraduate,Male,Somewhat familiar,Significant,Yes,No,No,No,No,No,No,No,Yes,Yes,Alex,Yes,-43,-62,48,-64,41,-72,18,-100,100,0
A170R0WAZC31WC,Active,SensoryAI,2022-02-25 19:56:14,2022-02-25 20:01:59,45 - 54,high school,Female,Somewhat familiar,Moderate,Yes,No,No,No,No,No,No,No,Yes,Yes,Alex,Yes,-33,34,37,36,-1,35,-32,-32,36,0
A209KMZQTLEZZC,Inactive,LinguisticAI,2022-02-25 20:02:29,2022-02-25 20:04:38,35 - 44,graduate,Male,Somewhat familiar,Significant,Yes,No,No,No,No,No,No,No,Yes,Yes,Alex,No,44,-48,59,-42,54,-55,63,-39,72,0
A3BSK47WPPE876,Inactive,SensoryAI,2022-02-25 20:03:30,2022-02-25 20:09:40,25 - 34,undergraduate,Female,Somewhat familiar,Moderate,Yes,No,No,No,No,No,No,No,Yes,Yes,Alex,No,92,-100,100,-100,100,-100,51,96,100,0
AWVLT2L5AP873,Active,LinguisticAI,2022-02-25 20:11:29,2022-02-25 20:13:22,25 - 34,undergraduate,Female,Somewhat familiar,None,Yes,No,No,No,No,No,No,No,Yes,Yes,Alex,Yes,67,-33,100,-27,65,55,28,-40,100,0
AXAO7UJYYEFCO,Inactive,LinguisticAI,2022-02-25 20:21:34,2022-02-25 20:23:28,35 - 44,undergraduate,Female,Somewhat unfamiliar,None,Yes,No,No,No,No,No,No,No,Yes,Yes,Alex,No,46,-72,45,-63,8,-64,23,-22,36,0
AKSJ3C5O3V9RB,Active,SensoryAI,2022-02-25 20:28:39,2022-02-25 20:31:34,18 - 24,graduate,Female,Somewhat familiar,A little,Yes,No,No,No,No,No,No,No,Yes,Yes,Alex,Yes,-31,-48,-49,-53,-41,-54,2,3,100,0
A28AXX4NCWPH1F,Inactive,SensoryAI,2022-02-25 20:41:29,2022-02-25 20:43:56,35 - 44,high school,Male,Completely familiar,None,Yes,No,No,No,No,No,No,No,Yes,Yes,Alex,No,68,-83,85,-96,80,-95,100,-64,100,0
A2JTSH1VPJQ8FR,Inactive,LinguisticAI,2022-02-25 20:40:33,2022-02-25 20:45:24,25 - 34,undergraduate,Male,Somewhat familiar,None,Yes,No,No,No,Yes,No,No,Yes,Yes,Yes,Alex,No,2,-93,31,-90,22,-73,-28,64,84,2
AQ9Y6WD8O72ZC,Active,LinguisticAI,2022-02-25 20:44:12,2022-02-25 20:47:47,25 - 34,high school,Female,Somewhat unfamiliar,None,Yes,No,No,No,No,No,No,No,Yes,Yes,Alex,Yes,67,37,2,54,-46,33,-55,3,100,0
AK35CJJEYFVYK,Active,SensoryAI,2022-02-25 20:54:29,2022-02-25 20:56:17,25 - 34,high school,Male,Somewhat familiar,A little,Yes,No,No,No,No,No,No,Yes,Yes,Yes,Alex,Yes,1,0,-43,65,-40,33,-46,-67,64,1
A1B76WYZ47BQJ,Inactive,LinguisticAI,2022-02-25 21:17:59,2022-02-25 21:20:41,Over 55,undergraduate,Male,Somewhat familiar,Moderate,Yes,No,No,No,Yes,No,No,No,Yes,Yes,Alex,No,99,-100,99,-100,-100,-100,100,100,100,1
A1S2NQYJGZ0C5F,Active,LinguisticAI,2022-02-25 21:52:49,2022-02-25 22:02:41,35 - 44,graduate,Male,Neither familiar  nor unfamiliar,A little,Yes,No,No,No,No,No,No,No,Yes,Yes,Alex,Yes,65,15,72,15,68,-34,69,-1,23,0
AIVENINY8Q7UF,Inactive,SensoryAI,2022-02-25 21:57:47,2022-02-25 22:06:20,25 - 34,high school,Male,Somewhat familiar,Moderate,Yes,No,No,No,No,No,No,No,Yes,Yes,Alex,No,68,-85,12,-100,5,-100,30,-100,100,0
A3M8O363B3IAKE,Active,LinguisticAI,2022-02-26 01:02:40,2022-02-26 01:04:57,45 - 54,undergraduate,Male,Somewhat familiar,Moderate,Yes,No,No,No,No,No,No,No,Yes,Yes,Alex,Yes,-100,100,-100,100,-100,100,-45,100,100,0
A19C92YJMLTIEB,Inactive,LinguisticAI,2022-02-26 01:02:11,2022-02-26 01:05:02,25 - 34,graduate,Male,Somewhat familiar,Moderate,Yes,No,No,No,Yes,No,No,No,Yes,Yes,Alex,No,66,-66,72,-65,46,-67,17,69,51,1
A3C5G8LGIAW0XL,Active,SensoryAI,2022-02-26 01:02:57,2022-02-26 01:05:16,35 - 44,undergraduate,Female,Somewhat familiar,A little,Yes,No,No,No,No,No,No,No,Yes,Yes,Alex,Yes,2,36,2,26,2,41,2,52,100,0
AHYTT3T8W9Y9Y,Inactive,SensoryAI,2022-02-26 01:02:02,2022-02-26 01:05:30,35 - 44,undergraduate,Female,Somewhat familiar,None,Yes,No,No,No,No,No,No,No,Yes,Yes,Alex,No,62,-95,87,-91,77,-89,50,-51,44,0
A2XRYF0L5ACD2E,Active,SensoryAI,2022-02-26 01:02:59,2022-02-26 01:07:38,Over 55,undergraduate,Male,Completely familiar,Significant,Yes,No,No,No,No,No,No,No,Yes,Yes,Alex,Yes,-58,48,-62,47,-49,60,-39,49,100,0
AWVIOLZUKBNVU,Inactive,LinguisticAI,2022-02-26 01:03:55,2022-02-26 01:07:52,35 - 44,graduate,Male,Somewhat unfamiliar,None,Yes,No,No,No,No,No,No,No,Yes,Yes,Alex,No,100,-77,90,-75,100,-75,91,27,83,0
A2QCQGZD7T1QNL,Inactive,SensoryAI,2022-02-26 01:05:15,2022-02-26 01:09:45,35 - 44,high school,Male,Completely familiar,Significant,Yes,No,No,No,No,No,No,No,Yes,Yes,Alex,No,67,-68,68,-68,68,-68,68,-68,68,0
A41APS6V2Z1FJ,Inactive,LinguisticAI,2022-02-26 01:09:31,2022-02-26 01:11:48,45 - 54,undergraduate,Female,Neither familiar  nor unfamiliar,A little,Yes,No,No,No,No,No,No,No,Yes,Yes,Alex,No,100,-100,100,-100,100,-100,40,100,100,0
A20C38AB8D6Z2L,Active,LinguisticAI,2022-02-26 01:05:03,2022-02-26 01:12:21,25 - 34,graduate,Male,Somewhat familiar,Moderate,Yes,No,No,No,No,No,No,No,Yes,Yes,Alex,Yes,-36,36,-32,42,-34,59,-48,55,70,0
A3V2XCDF45VN9X,Active,LinguisticAI,2022-02-26 01:09:33,2022-02-26 01:13:38,45 - 54,graduate,Male,Neither familiar  nor unfamiliar,Moderate,Yes,No,No,No,No,No,No,Yes,Yes,Yes,Alex,Yes,68,-68,66,-70,-1,-70,1,2,100,1
AG2YM9OWQP690,Inactive,SensoryAI,2022-02-26 01:11:31,2022-02-26 01:14:22,45 - 54,undergraduate,Female,Somewhat familiar,None,Yes,No,No,No,Yes,No,No,No,Yes,Yes,Alex,No,100,-99,100,-100,100,-100,100,99,100,1
A1UNBT94I82S8V,Inactive,SensoryAI,2022-02-26 01:17:21,2022-02-26 01:20:26,25 - 34,undergraduate,Male,Somewhat familiar,None,Yes,No,No,No,No,No,No,No,Yes,Yes,Alex,No,62,-65,43,-73,35,-77,26,-72,52,0
A82Q1HS5CPZ5I,Active,LinguisticAI,2022-02-26 01:23:06,2022-02-26 01:29:06,25 - 34,undergraduate,Male,Neither familiar  nor unfamiliar,A little,Yes,No,No,No,Yes,No,No,No,Yes,Yes,Alex,Yes,2,-47,-4,-55,-7,-30,2,2,71,1
A2VIKCIM9TZL22,Inactive,LinguisticAI,2022-02-26 01:29:43,2022-02-26 01:32:20,25 - 34,undergraduate,Male,Somewhat unfamiliar,None,Yes,No,No,No,No,No,No,No,Yes,Yes,Alex,No,-100,-100,-100,-100,-100,-100,-100,-100,100,0
A1OLC8N32VVVV,Active,SensoryAI,2022-02-26 01:31:02,2022-02-26 01:34:39,45 - 54,undergraduate,Male,Somewhat familiar,Moderate,Yes,No,No,No,No,No,No,No,Yes,Yes,Alex,Yes,43,-36,28,-40,51,-49,50,52,65,0
A1G187YBG0DVMQ,Inactive,LinguisticAI,2022-02-26 01:35:59,2022-02-26 01:37:40,25 - 34,undergraduate,Male,Neither familiar  nor unfamiliar,A little,Yes,No,No,No,No,No,No,No,Yes,Yes,Alex,No,79,-95,78,-92,53,-34,80,30,-56,0
AERUGBNS48Z4N,Active,LinguisticAI,2022-02-26 01:52:00,2022-02-26 01:54:47,25 - 34,undergraduate,Male,Somewhat unfamiliar,A little,Yes,No,No,No,No,No,No,No,Yes,Yes,Alex,Yes,59,-29,60,-33,47,-32,78,-39,100,0
A1VVR9MA1P9HWJ,Inactive,SensoryAI,2022-02-26 01:53:09,2022-02-26 01:57:02,35 - 44,graduate,Female,Somewhat familiar,A little,Yes,No,No,No,No,No,No,No,Yes,Yes,Alex,No,63,16,79,-55,81,-51,31,-34,89,0
A3UV55HC87DO9C,Active,SensoryAI,2022-02-26 01:59:03,2022-02-26 02:02:15,25 - 34,undergraduate,Male,Somewhat familiar,None,Yes,No,No,No,No,No,No,No,Yes,Yes,Alex,Yes,36,-8,32,-14,24,-18,37,32,49,0
A1FHKK0RU69RU,Active,SensoryAI,2022-02-26 01:54:35,2022-02-26 02:04:35,Over 55,high school,Female,Somewhat familiar,None,Yes,No,No,No,No,No,No,No,Yes,Yes,Alex,Yes,45,33,52,29,54,40,31,29,57,0
A1MKEILXWWLBW2,Inactive,LinguisticAI,2022-02-26 02:03:07,2022-02-26 02:06:31,Over 55,undergraduate,Male,Somewhat familiar,Moderate,Yes,No,No,No,No,No,No,No,Yes,Yes,Alex,No,68,-70,100,-68,69,-100,100,34,100,0
A3P9TM5PRYBH90,Inactive,SensoryAI,2022-02-26 02:02:52,2022-02-26 02:06:58,35 - 44,high school,Male,Somewhat familiar,None,Yes,No,No,No,No,No,No,No,Yes,Yes,Alex,No,97,-100,100,-94,100,-96,66,-100,99,0
AVXEDARJC5HLU,Inactive,SensoryAI,2022-02-26 02:19:23,2022-02-26 02:23:38,45 - 54,high school,Male,Somewhat familiar,None,Yes,No,No,No,No,No,No,No,Yes,Yes,Alex,No,-42,-45,-25,-34,20,-67,-24,-35,59,0
A2T5CROJ0FWIJY,Active,LinguisticAI,2022-02-26 02:21:34,2022-02-26 02:24:49,35 - 44,undergraduate,Female,Somewhat familiar,Moderate,Yes,No,No,No,No,No,No,No,Yes,Yes,Alex,Yes,32,-100,67,-69,68,-100,32,-100,100,0
A2XILSQJK0S8RP,Inactive,LinguisticAI,2022-02-26 02:23:14,2022-02-26 02:31:45,45 - 54,undergraduate,Male,Somewhat familiar,None,Yes,No,No,No,No,No,No,No,Yes,Yes,Alex,No,69,-100,70,-100,59,-100,32,70,100,0
A1S2EXYEG5I8HW,Active,SensoryAI,2022-02-26 02:33:39,2022-02-26 02:36:55,25 - 34,undergraduate,Female,Somewhat familiar,A little,Yes,No,No,No,No,No,Yes,Yes,Yes,Yes,Alex,Yes,100,-100,100,-100,100,-100,100,-100,100,2
A1PHDT66U6IK4Q,Active,SensoryAI,2022-02-26 02:29:40,2022-02-26 02:40:30,Over 55,undergraduate,Male,Somewhat familiar,Moderate,No,No,No,No,No,No,No,No,Yes,Yes,Alex,Yes,100,-100,100,-100,100,-100,-76,100,100,1
A3VDG4N48AVYGQ,Inactive,LinguisticAI,2022-02-26 02:36:08,2022-02-26 02:43:21,35 - 44,undergraduate,Male,Neither familiar  nor unfamiliar,Moderate,Yes,No,No,Yes,No,No,No,No,Yes,Yes,Alex,No,72,-45,62,-63,74,-63,54,-3,71,1
AZ69TBTDH7AZS,Inactive,SensoryAI,2022-02-26 02:46:26,2022-02-26 02:49:13,25 - 34,undergraduate,Male,Completely familiar,Extensive,Yes,No,No,No,No,No,Yes,Yes,Yes,Yes,Alex,No,100,-100,100,-100,100,-100,100,-100,100,2
AONSG5WOC3OX0,Active,LinguisticAI,2022-02-26 02:52:27,2022-02-26 02:59:05,35 - 44,undergraduate,Male,Somewhat familiar,None,Yes,No,No,No,No,No,No,No,Yes,Yes,Alex,Yes,66,66,35,39,-67,67,86,-33,100,0
A12HLLXWOQJ14Q,Active,SensoryAI,2022-02-26 02:59:46,2022-02-26 03:09:53,Over 55,high school,Male,Somewhat familiar,Moderate,Yes,No,No,No,No,No,No,No,Yes,Yes,Alex,Yes,46,-44,42,-47,3,-59,54,52,77,0
A3TN1QCPUCJZBF,Inactive,SensoryAI,2022-02-26 03:04:06,2022-02-26 03:12:26,25 - 34,high school,Female,Somewhat familiar,None,Yes,No,No,No,No,No,No,No,Yes,Yes,Alex,No,-33,-70,-26,-68,-34,-67,-34,33,69,0
A31P6DWY4XEQX9,Inactive,LinguisticAI,2022-02-26 03:07:12,2022-02-26 03:12:41,25 - 34,undergraduate,Male,Somewhat familiar,A little,Yes,No,No,No,No,No,No,No,Yes,Yes,Alex,No,56,-100,59,-100,85,-100,45,-100,100,0
ACZA9ZCVQ5FRU,Inactive,LinguisticAI,2022-02-26 03:05:25,2022-02-26 03:18:01,35 - 44,high school,Female,Neither familiar  nor unfamiliar,None,Yes,No,No,No,Yes,No,No,No,Yes,Yes,Alex,No,19,-99,10,-95,26,-90,71,-97,83,1
A3L6JLT39UBMCD,Inactive,SensoryAI,2022-02-26 03:49:33,2022-02-26 03:54:16,35 - 44,undergraduate,Female,Completely familiar,Moderate,Yes,No,No,No,Yes,No,No,No,Yes,Yes,Alex,No,98,-98,100,-100,100,-100,100,-100,100,1
A277V4SHQB8JRS,Active,SensoryAI,2022-02-26 04:45:39,2022-02-26 04:49:20,35 - 44,undergraduate,Male,Somewhat familiar,Extensive,Yes,No,No,No,No,No,No,No,Yes,Yes,Alex,Yes,-70,-68,-17,-69,-36,-100,-35,-57,100,0
A1BM57TUNAQIXM,Inactive,LinguisticAI,2022-02-26 07:53:13,2022-02-26 07:55:49,35 - 44,undergraduate,Female,Somewhat familiar,None,Yes,No,No,No,Yes,No,No,No,Yes,Yes,Alex,No,46,-92,95,-100,100,-100,72,-76,100,1
A2B8HPIZDKYKDR,Inactive,SensoryAI,2022-02-26 15:08:32,2022-02-26 15:11:18,45 - 54,undergraduate,Male,Somewhat familiar,A little,Yes,No,No,No,No,No,No,No,Yes,Yes,Alex,No,100,-39,75,-18,86,-73,71,-10,34,0
A1H5Q9HRH4RPZU,Inactive,LinguisticAI,2022-02-26 15:09:33,2022-02-26 15:11:28,35 - 44,high school,Male,Somewhat unfamiliar,A little,Yes,No,No,No,No,No,No,No,Yes,Yes,Alex,No,100,-100,100,-97,93,-100,88,-79,92,0
A2XS49LRNX8PD4,Inactive,LinguisticAI,2022-02-26 15:08:34,2022-02-26 15:11:42,25 - 34,primary school,Male,Somewhat familiar,A little,Yes,No,No,No,No,No,No,No,Yes,Yes,Alex,No,51,-100,81,-100,77,-100,-72,-66,100,0
AGKCK081EU63R,Active,SensoryAI,2022-02-26 15:08:52,2022-02-26 15:11:45,45 - 54,undergraduate,Male,Somewhat familiar,Significant,Yes,No,No,No,No,No,No,No,Yes,Yes,Alex,Yes,-91,91,-92,90,-72,95,71,-71,21,0
A2D7O4I1U59P0K,Active,SensoryAI,2022-02-26 15:09:02,2022-02-26 15:11:50,35 - 44,undergraduate,Male,Somewhat familiar,A little,Yes,No,No,No,No,No,No,Yes,Yes,Yes,Alex,Yes,53,-94,28,-100,56,-100,9,-60,100,1
AOQC2B77YF8ON,Inactive,SensoryAI,2022-02-26 15:08:32,2022-02-26 15:11:52,35 - 44,high school,Female,Neither familiar  nor unfamiliar,None,Yes,No,No,No,No,No,No,No,Yes,Yes,Alex,No,50,19,33,5,53,9,17,100,51,0
A1UZXOMO6BS6I2,Active,SensoryAI,2022-02-26 15:08:56,2022-02-26 15:12:09,25 - 34,undergraduate,Male,Somewhat familiar,A little,Yes,No,No,No,No,No,No,No,Yes,Yes,Alex,Yes,-35,-42,-39,-34,-30,-41,28,26,75,0
A3L0DCUXI7X3A9,Active,LinguisticAI,2022-02-26 15:08:41,2022-02-26 15:12:19,45 - 54,undergraduate,Male,Somewhat familiar,A little,Yes,No,No,No,No,No,No,No,Yes,Yes,Alex,Yes,68,-35,68,-68,35,-33,100,34,100,0
AOS2PVHT2HYTL,Active,LinguisticAI,2022-02-26 15:08:46,2022-02-26 15:12:19,Over 55,high school,Female,Neither familiar  nor unfamiliar,None,Yes,No,No,No,No,No,No,Yes,Yes,Yes,Alex,Yes,61,-59,49,-67,79,-67,1,-71,100,1
AKN238VSI9SF0,Inactive,SensoryAI,2022-02-26 15:08:50,2022-02-26 15:12:37,35 - 44,graduate,Male,Somewhat familiar,A little,Yes,No,No,No,No,No,No,No,Yes,Yes,Alex,No,100,-100,100,-100,100,-100,100,-100,100,0
AS2MFSWNC5CQI,Active,SensoryAI,2022-02-26 15:08:32,2022-02-26 15:13:17,35 - 44,high school,Female,Somewhat familiar,None,Yes,No,No,No,No,No,Yes,Yes,Yes,Yes,Alex,Yes,71,22,49,38,84,25,93,31,43,2
AFFXVHHBUWW4D,Active,LinguisticAI,2022-02-26 15:09:15,2022-02-26 15:13:19,25 - 34,graduate,Female,Completely familiar,Moderate,Yes,No,No,No,No,No,No,No,Yes,Yes,Alex,Yes,-100,100,-100,100,-100,100,-100,100,100,0
AMLZT92RF3MYY,Inactive,LinguisticAI,2022-02-26 15:10:46,2022-02-26 15:13:21,35 - 44,undergraduate,Male,Somewhat familiar,Extensive,Yes,No,No,No,No,No,No,No,Yes,Yes,Alex,No,68,-100,68,-100,70,-100,36,-100,69,0
A18WSAKX5YN2FB,Inactive,SensoryAI,2022-02-26 15:10:59,2022-02-26 15:14:21,35 - 44,high school,Female,Somewhat familiar,None,Yes,No,No,No,No,No,No,No,Yes,Yes,Alex,No,36,0,37,0,36,-1,36,-100,100,0
ANBWJZYU2A68T,Inactive,SensoryAI,2022-02-26 15:09:01,2022-02-26 15:15:51,45 - 54,graduate,Prefer not to say,Somewhat familiar,Moderate,Yes,No,No,No,No,No,No,Yes,Yes,Yes,Alex,No,33,-98,28,-96,33,-90,2,-97,93,1
A2IB3TNHWT6352,Inactive,LinguisticAI,2022-02-26 15:13:17,2022-02-26 15:19:50,Over 55,high school,Female,Somewhat familiar,None,Yes,No,No,No,No,No,No,No,Yes,Yes,Alex,No,61,-100,71,-100,63,-100,53,47,100,0
ALJ70B2J04YR7,Inactive,LinguisticAI,2022-02-26 15:17:53,2022-02-26 15:21:04,45 - 54,graduate,Female,Somewhat familiar,None,Yes,No,No,No,No,No,No,No,Yes,Yes,Alex,No,100,-100,100,-100,97,-100,100,-67,100,0
A1PMZUBGXFANCI,Active,SensoryAI,2022-02-26 15:19:14,2022-02-26 15:22:30,25 - 34,high school,Male,Somewhat familiar,A little,Yes,Yes,No,No,No,No,No,No,Yes,Yes,Alex,Yes,42,-37,38,-34,22,-46,46,-20,86,1
AURYD2FH3FUOQ,Inactive,SensoryAI,2022-02-26 15:26:25,2022-02-26 15:29:22,Over 55,undergraduate,Female,Neither familiar  nor unfamiliar,Extensive,Yes,No,No,No,No,Yes,No,No,Yes,Yes,Alex,No,100,-100,100,-100,100,-100,68,-100,100,1
A3U92XTZ4KASXP,Active,LinguisticAI,2022-02-26 15:41:06,2022-02-26 15:46:28,35 - 44,high school,Female,Somewhat familiar,A little,Yes,No,Yes,Yes,No,No,No,No,Yes,Yes,Alex,Yes,31,-48,31,-38,35,-45,24,-36,76,2
A10249252O9I20MRSOBVF,Active,SensoryAI,2022-02-26 16:02:01,2022-02-26 16:04:44,Over 55,high school,Female,Somewhat familiar,Moderate,Yes,No,No,No,No,No,No,No,Yes,Yes,Alex,Yes,57,-70,34,38,46,33,44,31,70,0
A3HHDPKL3O3O7Y,Inactive,SensoryAI,2022-02-26 16:09:06,2022-02-26 16:11:47,35 - 44,undergraduate,Female,Somewhat familiar,A little,Yes,No,No,No,No,No,No,No,Yes,Yes,Alex,No,71,-100,73,-100,68,-100,88,-70,37,0
AP9WIQ4P78XLH,Inactive,LinguisticAI,2022-02-26 16:09:24,2022-02-26 16:12:36,45 - 54,undergraduate,Male,Somewhat familiar,Extensive,Yes,No,No,No,No,No,No,No,Yes,Yes,Alex,No,38,-71,31,-64,2,-68,23,-12,70,0
A2W0G89O7E9EFO,Inactive,SensoryAI,2022-02-26 16:09:41,2022-02-26 16:12:45,45 - 54,undergraduate,Male,Somewhat familiar,None,Yes,No,No,No,No,No,No,No,Yes,Yes,Alex,No,36,-100,69,-100,35,-100,68,-100,100,0
A1VMPZVVVZUCS4,Inactive,LinguisticAI,2022-02-26 16:11:39,2022-02-26 16:13:31,35 - 44,undergraduate,Other,Somewhat familiar,Moderate,Yes,No,No,No,No,No,No,No,Yes,Yes,Alex,No,0,-100,36,-100,30,-100,29,-41,100,0
A19TD2J8506A4Y,Active,LinguisticAI,2022-02-26 16:10:12,2022-02-26 16:16:55,45 - 54,high school,Male,Somewhat familiar,A little,Yes,No,No,No,No,No,No,No,Yes,Yes,Alex,Yes,-100,-100,-100,-100,-100,-100,-100,-100,100,0
ANK8K5WTHJ61C,Inactive,LinguisticAI,2022-02-26 16:14:56,2022-02-26 16:19:51,45 - 54,undergraduate,Female,Somewhat familiar,None,Yes,No,No,No,No,No,No,No,Yes,Yes,Alex,No,78,-100,100,-100,68,-100,35,2,100,0
A2I960JYUZ8KAV,Inactive,SensoryAI,2022-02-26 16:26:59,2022-02-26 16:29:12,25 - 34,high school,Male,Somewhat familiar,A little,Yes,No,No,No,No,No,No,No,Yes,Yes,Alex,No,49,-43,39,-50,15,-38,-2,2,68,0
A2YHOJLEZR8663,Inactive,SensoryAI,2022-02-26 16:27:38,2022-02-26 16:32:10,35 - 44,high school,Male,Somewhat familiar,None,Yes,No,No,No,No,No,No,No,Yes,Yes,Alex,No,100,-100,100,-100,83,-100,70,-100,-1,0
AXKVHJHF1EOVT,Active,SensoryAI,2022-02-26 16:30:14,2022-02-26 16:33:26,35 - 44,undergraduate,Male,Somewhat familiar,None,Yes,No,No,No,No,No,No,Yes,Yes,Yes,Alex,Yes,3,-60,23,-58,3,-41,28,25,57,1
A2FUPODRRCESB,Active,LinguisticAI,2022-02-26 16:47:32,2022-02-26 16:50:19,45 - 54,undergraduate,Female,Somewhat unfamiliar,None,Yes,No,No,No,No,No,No,Yes,Yes,Yes,Alex,Yes,39,39,77,-66,61,-63,61,-37,60,1
AKNQ0ZU1MXN1T,Inactive,LinguisticAI,2022-02-26 16:09:38,2022-02-26 16:53:46,Over 55,undergraduate,Male,Somewhat familiar,Significant,No,No,No,No,No,No,No,No,No,Yes,Alex,No,-100,38,-29,67,100,39,-31,100,100,2
A2PQDK3MLDFXYM,Active,SensoryAI,2022-02-26 17:10:30,2022-02-26 17:13:22,25 - 34,high school,Female,Somewhat familiar,None,Yes,No,No,No,No,No,No,No,Yes,Yes,Alex,Yes,55,9,100,-17,100,-16,34,66,68,0
A1B14CS9DW7008,Inactive,LinguisticAI,2022-02-26 19:37:02,2022-02-26 19:39:39,45 - 54,undergraduate,Female,Somewhat familiar,None,Yes,No,No,No,No,No,No,No,Yes,Yes,Alex,No,100,35,100,-70,100,-100,52,2,100,0
A1VFOKKVJ7B9D6,Inactive,SensoryAI,2022-02-26 19:38:07,2022-02-26 19:41:10,45 - 54,high school,Female,Somewhat familiar,Moderate,Yes,No,No,No,No,No,No,No,Yes,Yes,Alex,No,68,-100,100,-100,70,-100,100,-100,68,0
A3V3EONW560DYY,Inactive,SensoryAI,2022-02-26 19:37:04,2022-02-26 19:42:51,35 - 44,high school,Male,Neither familiar  nor unfamiliar,A little,Yes,No,No,No,No,No,No,No,Yes,Yes,Alex,No,100,-15,100,-100,100,-100,100,-100,100,0
A34DYM8J0X5VK,Active,SensoryAI,2022-02-26 19:40:42,2022-02-26 19:43:36,45 - 54,high school,Male,Somewhat familiar,None,Yes,No,No,No,No,No,No,No,Yes,Yes,Alex,Yes,37,-6,69,6,68,-4,25,37,100,0
A3A8P4UR9A0DWQ,Active,LinguisticAI,2022-02-26 19:41:13,2022-02-26 19:44:38,45 - 54,undergraduate,Female,Somewhat familiar,A little,Yes,No,No,No,No,No,No,No,Yes,Yes,Alex,Yes,2,100,2,100,2,100,4,1,100,0
A3V1VK1A3NYN17,Inactive,LinguisticAI,2022-02-26 19:42:50,2022-02-26 19:45:17,25 - 34,undergraduate,Male,Somewhat familiar,Extensive,Yes,Yes,No,No,No,No,Yes,No,Yes,Yes,Alex,No,64,-56,73,-73,36,-46,-12,29,86,2
A1XK77VP2S13YC,Active,SensoryAI,2022-02-26 19:46:01,2022-02-26 19:48:34,Prefer not to say,undergraduate,Prefer not to say,Somewhat familiar,Extensive,Yes,No,No,No,No,No,Yes,No,Yes,Yes,Alex,Yes,100,-100,100,-100,70,-100,72,-48,100,1
AD1ILDUXZHASF,Inactive,SensoryAI,2022-02-26 19:48:04,2022-02-26 19:49:29,25 - 34,undergraduate,Male,Somewhat familiar,A little,Yes,No,No,No,No,No,No,No,Yes,Yes,Alex,No,100,-100,100,-100,100,-100,100,-100,100,0
ALF9AAZGQP4K5,Active,LinguisticAI,2022-02-26 19:47:01,2022-02-26 19:49:41,25 - 34,undergraduate,Male,Somewhat familiar,None,Yes,No,No,No,No,No,No,No,Yes,Yes,Alex,Yes,9,-50,15,-48,11,-57,34,-37,41,0
A3PRQ2GSU42718,Inactive,SensoryAI,2022-02-26 19:42:41,2022-02-26 19:49:41,Prefer not to say,high school,Prefer not to say,Neither familiar  nor unfamiliar,A little,Yes,No,No,No,No,No,No,No,Yes,Yes,Alex,No,0,-100,-1,-100,0,-100,-100,-100,100,0
A68J20100VW4W,Active,SensoryAI,2022-02-26 19:49:26,2022-02-26 19:52:05,Over 55,graduate,Female,Somewhat familiar,None,Yes,No,No,No,No,No,Yes,No,Yes,Yes,Alex,Yes,78,46,43,-22,68,39,100,-47,80,1
ATIVK9XUANIUE,Inactive,LinguisticAI,2022-02-26 19:46:37,2022-02-26 19:52:25,35 - 44,undergraduate,Male,Somewhat familiar,A little,Yes,No,No,No,No,No,No,No,Yes,Yes,Alex,No,66,-100,71,-100,100,-100,39,-100,100,0
A2SV6TAIJO32BX,Active,LinguisticAI,2022-02-26 19:56:45,2022-02-26 19:59:13,45 - 54,undergraduate,Male,Somewhat familiar,None,Yes,No,No,No,No,Yes,Yes,No,Yes,Yes,Alex,Yes,100,-100,100,-100,100,-100,100,-100,100,2
A2TXZVXQU5FQZ9,Inactive,SensoryAI,2022-02-26 19:56:52,2022-02-26 19:59:31,35 - 44,undergraduate,Male,Somewhat unfamiliar,A little,Yes,No,No,No,No,No,No,No,Yes,Yes,Alex,No,100,-100,100,-100,100,-100,100,-100,100,0
A3PRZRK9IC5CBI,Inactive,LinguisticAI,2022-02-26 19:56:33,2022-02-26 19:59:39,45 - 54,high school,Male,Somewhat familiar,None,Yes,No,No,No,Yes,No,No,No,Yes,Yes,Alex,No,100,-100,100,-100,100,-100,100,2,100,1
A1F2APQMJSQVFK,Active,LinguisticAI,2022-02-26 20:01:40,2022-02-26 20:16:55,25 - 34,undergraduate,Female,Somewhat familiar,Moderate,Yes,No,No,No,No,No,No,No,Yes,Yes,Alex,Yes,-58,-66,-60,-55,-58,-67,-57,-56,87,0
A1GCTKOPKUTW3G,Inactive,LinguisticAI,2022-02-26 20:24:16,2022-02-26 20:26:52,25 - 34,undergraduate,Male,Somewhat unfamiliar,None,Yes,No,No,No,Yes,No,Yes,No,Yes,Yes,Alex,No,-15,-100,51,-95,67,-99,33,81,45,2
A3P7AXWF57BHNX,Active,LinguisticAI,2022-02-26 20:25:57,2022-02-26 20:30:20,25 - 34,undergraduate,Female,Somewhat familiar,None,Yes,No,No,No,No,No,No,No,Yes,Yes,Alex,Yes,46,-33,30,-22,36,-35,52,-15,37,0
A3EZ3BRM1C5WKV,Active,SensoryAI,2022-02-26 20:29:37,2022-02-26 20:32:01,35 - 44,high school,Male,Neither familiar  nor unfamiliar,None,Yes,No,No,No,No,No,Yes,No,Yes,Yes,Alex,Yes,61,-69,57,-53,59,-65,7,-67,58,1
AEQ6KLNVTRKKR,Active,LinguisticAI,2022-02-26 20:37:47,2022-02-26 20:39:53,35 - 44,high school,Male,Somewhat familiar,None,Yes,No,No,No,No,No,No,No,Yes,Yes,Alex,Yes,85,-55,91,-39,29,-72,60,45,75,0
A16XDO6MW9ZKMI,Inactive,LinguisticAI,2022-02-26 20:37:57,2022-02-26 20:40:41,25 - 34,undergraduate,Male,Neither familiar  nor unfamiliar,Significant,Yes,No,No,No,No,No,No,No,Yes,Yes,Alex,No,64,66,63,-61,82,-67,32,-100,46,0
A1FYWSPNO7KN1O,Inactive,SensoryAI,2022-02-26 20:38:01,2022-02-26 20:40:49,35 - 44,graduate,Male,Somewhat familiar,Moderate,Yes,No,No,No,No,No,No,No,Yes,Yes,Alex,No,100,-100,100,-100,100,-100,61,-100,100,0
A263Y9ZPYSSTB9,Inactive,SensoryAI,2022-02-26 20:38:45,2022-02-26 20:40:53,25 - 34,graduate,Female,Somewhat unfamiliar,A little,Yes,No,No,No,No,No,No,No,Yes,Yes,Alex,No,6,-10,6,-14,6,-10,9,12,100,0
A1BWK2S0TPQTTT,Active,LinguisticAI,2022-02-26 20:38:25,2022-02-26 20:44:10,35 - 44,undergraduate,Male,Somewhat familiar,A little,Yes,No,No,No,No,No,No,Yes,Yes,Yes,Alex,Yes,-39,64,41,55,22,59,-45,65,39,1
AIA7RZSAONU5M,Inactive,LinguisticAI,2022-02-26 20:43:30,2022-02-26 20:46:58,35 - 44,undergraduate,Female,Somewhat familiar,None,Yes,No,No,No,No,No,No,No,Yes,Yes,Alex,No,69,-94,81,-75,70,-85,59,-99,65,0
AOO39X8E3OJYY,Active,SensoryAI,2022-02-26 20:44:35,2022-02-26 20:50:41,35 - 44,high school,Male,Somewhat familiar,A little,Yes,No,No,No,No,No,No,No,Yes,Yes,Alex,Yes,2,-59,3,-67,-32,-68,7,34,69,0
AJI76D4U5WGBZ,Active,LinguisticAI,2022-02-26 20:38:15,2022-02-26 21:02:57,35 - 44,undergraduate,Female,Somewhat familiar,None,Yes,No,No,No,Yes,No,Yes,No,Yes,Yes,Alex,Yes,2,37,1,27,-1,34,63,11,52,2
A2T675UCHNTSSW,Inactive,LinguisticAI,2022-02-26 21:01:04,2022-02-26 21:04:59,45 - 54,undergraduate,Female,Somewhat familiar,None,Yes,No,No,No,No,No,No,No,Yes,Yes,Alex,No,66,-100,96,-100,100,-100,26,-100,32,0
A1LA6CIGBNDOH9,Inactive,SensoryAI,2022-02-26 21:10:20,2022-02-26 21:13:44,45 - 54,undergraduate,Male,Somewhat familiar,Extensive,Yes,No,No,No,No,No,No,No,Yes,Yes,Alex,No,89,-100,77,-100,72,-100,77,-100,63,0
AMVBT3XDCQBHI,Active,SensoryAI,2022-02-26 21:39:27,2022-02-26 21:47:20,Over 55,high school,Male,Somewhat familiar,Moderate,Yes,No,No,No,No,No,No,No,Yes,Yes,Alex,Yes,2,3,2,2,2,2,2,2,100,0
A3MD34XEB4H6JF,Active,LinguisticAI,2022-02-26 21:59:38,2022-02-26 22:04:42,Over 55,undergraduate,Female,Somewhat familiar,A little,Yes,No,No,No,No,No,No,No,Yes,Yes,Alex,Yes,17,-100,-100,-50,-48,-100,-59,14,100,0
A2MS1GQLGAX9FZ,Active,SensoryAI,2022-02-26 21:57:05,2022-02-26 22:06:52,18 - 24,undergraduate,Female,Somewhat familiar,None,Yes,No,No,No,No,No,No,No,Yes,Yes,Alex,Yes,-33,-52,-23,-55,-30,-43,6,24,28,0
A15T9HDPHV3X7Q,Inactive,SensoryAI,2022-02-26 22:30:29,2022-02-26 22:32:11,35 - 44,undergraduate,Male,Somewhat familiar,Moderate,Yes,No,No,No,No,No,No,No,Yes,Yes,Alex,No,100,-100,100,-100,100,-100,43,43,100,0
AMI0SOF51O3FW,Inactive,LinguisticAI,2022-02-26 22:09:00,2022-02-26 22:35:45,35 - 44,high school,Male,Somewhat familiar,Moderate,Yes,No,No,No,No,No,No,No,Yes,Yes,Alex,No,-63,-1,34,-1,4,2,23,40,72,0
ALYR5CI2SM2JC,Active,LinguisticAI,2022-02-26 23:50:33,2022-02-26 23:53:11,25 - 34,high school,Male,Somewhat familiar,A little,Yes,No,No,No,No,No,No,No,Yes,Yes,Alex,Yes,100,-100,100,-100,100,-100,0,-100,100,0
A1P9ZZAW0TMNTR,Inactive,LinguisticAI,2022-02-26 23:50:32,2022-02-26 23:53:19,25 - 34,undergraduate,Male,Somewhat familiar,A little,Yes,No,No,No,No,No,No,No,Yes,Yes,Alex,No,58,-62,82,-51,48,-61,61,-57,41,0
ADVCIFLB5A9B,Inactive,SensoryAI,2022-02-26 23:50:36,2022-02-26 23:53:24,Over 55,undergraduate,Female,Somewhat unfamiliar,None,Yes,Yes,No,No,No,No,No,Yes,Yes,Yes,Alex,No,100,-100,100,-100,100,-100,67,-66,100,2
A31Z5TPD8QKE26,Active,SensoryAI,2022-02-26 23:51:47,2022-02-26 23:55:24,35 - 44,high school,Male,Somewhat familiar,Moderate,Yes,No,No,No,No,No,No,No,Yes,Yes,Alex,Yes,78,-100,100,-68,100,-100,87,-59,100,0
A2H8HVANGF4A58,Active,SensoryAI,2022-02-26 23:59:29,2022-02-27 00:03:07,25 - 34,undergraduate,Male,Completely familiar,A little,Yes,No,No,No,No,No,No,No,Yes,Yes,Alex,Yes,-86,93,-60,100,-81,92,-26,100,100,0
A1ATL3G98SFW4V,Active,LinguisticAI,2022-02-26 23:58:46,2022-02-27 00:03:16,25 - 34,undergraduate,Male,Neither familiar  nor unfamiliar,None,Yes,No,No,No,No,No,No,No,Yes,Yes,Alex,Yes,30,-43,39,-54,40,-56,28,-1,54,0
A1T9BJRS4IL8VQ,Inactive,LinguisticAI,2022-02-27 00:01:53,2022-02-27 00:03:18,18 - 24,high school,Male,Completely familiar,Extensive,Yes,No,No,No,No,No,No,No,Yes,Yes,Alex,No,99,-100,95,-100,99,-95,99,-100,88,0
A2POU9TTW177VH,Active,LinguisticAI,2022-02-27 00:04:56,2022-02-27 00:10:01,45 - 54,high school,Female,Somewhat familiar,None,Yes,No,No,No,No,No,No,No,Yes,Yes,Alex,Yes,100,-37,100,-34,99,-34,100,32,27,0
A2S64AUN7JI7ZS,Inactive,LinguisticAI,2022-02-27 00:07:12,2022-02-27 00:10:35,35 - 44,high school,Male,Somewhat familiar,None,Yes,No,No,No,No,No,No,No,Yes,Yes,Alex,No,90,-73,100,-74,68,-71,69,75,100,0
A3JUPCWYN6N6H4,Inactive,SensoryAI,2022-02-27 00:01:21,2022-02-27 00:11:16,25 - 34,undergraduate,Male,Somewhat familiar,None,Yes,No,No,No,No,No,No,No,Yes,Yes,Alex,No,63,-73,83,-79,70,-75,48,-65,65,0
A1U8RH67FLZW87,Active,SensoryAI,2022-02-27 00:21:17,2022-02-27 00:24:05,35 - 44,undergraduate,Male,Somewhat familiar,None,Yes,No,No,No,No,No,Yes,No,Yes,Yes,Alex,Yes,19,21,15,11,8,25,17,16,47,1
A1CH3TODZNQCES,Active,LinguisticAI,2022-02-27 00:21:08,2022-02-27 00:24:16,25 - 34,graduate,Male,Somewhat familiar,None,Yes,No,No,No,No,No,No,No,Yes,Yes,Alex,Yes,35,-43,41,-36,68,-26,72,-37,45,0
A24CG5BTB8KQ39,Active,SensoryAI,2022-02-27 00:19:45,2022-02-27 00:24:54,35 - 44,graduate,Female,Somewhat familiar,None,Yes,No,No,No,No,No,No,Yes,Yes,Yes,Alex,Yes,30,-41,31,-47,34,-45,35,-45,37,1
A36QBKROJ4J9EJ,Inactive,SensoryAI,2022-02-27 00:26:06,2022-02-27 00:31:33,45 - 54,undergraduate,Male,Neither familiar  nor unfamiliar,Moderate,Yes,No,No,No,No,No,No,No,Yes,Yes,Alex,No,100,-100,100,-100,100,-100,100,3,100,0
A1WDKH2DYOYE8X,Active,LinguisticAI,2022-02-27 00:51:46,2022-02-27 00:54:08,25 - 34,graduate,Male,Somewhat familiar,None,Yes,No,No,No,No,No,No,No,Yes,Yes,Alex,Yes,23,-34,-27,-30,28,-34,-35,-39,55,0
A2W434UNNBRS4L,Inactive,SensoryAI,2022-02-27 00:51:44,2022-02-27 00:54:59,35 - 44,undergraduate,Male,Somewhat familiar,Extensive,Yes,No,No,No,No,No,No,No,Yes,Yes,Alex,No,100,-100,100,-100,100,-100,100,-100,100,0
A3MF45BRXO6WQ6,Active,SensoryAI,2022-02-27 00:53:35,2022-02-27 00:55:39,25 - 34,graduate,Male,Somewhat familiar,None,Yes,No,No,No,No,No,No,No,Yes,Yes,Alex,Yes,-59,75,-59,68,-43,56,-36,100,39,0
A1EDN55K4IF2GD,Inactive,SensoryAI,2022-02-27 00:52:10,2022-02-27 00:55:51,Over 55,undergraduate,Male,Somewhat familiar,None,Yes,No,No,No,No,No,No,No,Yes,Yes,Alex,No,63,-63,68,-49,63,-64,62,-64,23,0
ABQKQQ8BD24BF,Inactive,LinguisticAI,2022-02-27 00:52:43,2022-02-27 00:56:00,Over 55,high school,Female,Somewhat familiar,None,Yes,No,No,No,No,No,No,No,Yes,Yes,Alex,No,100,-100,100,-100,100,-100,100,0,100,0
AMOBC1D09Q381,Active,LinguisticAI,2022-02-27 00:51:28,2022-02-27 00:57:34,35 - 44,high school,Male,Somewhat familiar,A little,Yes,No,No,No,No,No,No,No,Yes,Yes,Alex,Yes,69,39,71,38,37,2,72,-1,100,0
AWNR2FOWI73GL,Inactive,SensoryAI,2022-02-27 00:53:50,2022-02-27 00:58:22,45 - 54,graduate,Female,Neither familiar  nor unfamiliar,A little,Yes,No,No,No,No,No,No,No,Yes,Yes,Alex,No,96,-94,90,-89,94,-94,57,2,93,0
AP9M4LGBH8FYM,Inactive,LinguisticAI,2022-02-27 00:52:30,2022-02-27 00:58:44,Over 55,undergraduate,Female,Somewhat familiar,A little,Yes,No,No,No,No,No,No,No,Yes,Yes,Alex,No,36,-100,100,-100,37,-100,70,-100,100,0
A1S56RBP0Q3BT,Active,LinguisticAI,2022-02-27 00:52:18,2022-02-27 01:00:42,Over 55,high school,Male,Somewhat familiar,Extensive,Yes,No,No,No,No,No,No,No,Yes,Yes,Alex,Yes,88,-100,100,-100,75,-100,52,53,83,0
A2OO4PG3LBLP5I,Active,SensoryAI,2022-02-27 00:55:39,2022-02-27 01:01:39,25 - 34,high school,Male,Somewhat familiar,None,Yes,No,No,No,No,No,No,No,Yes,Yes,Alex,Yes,-63,60,-54,70,-66,63,2,52,100,0
A3H1R064820RXL,Inactive,LinguisticAI,2022-02-27 00:58:27,2022-02-27 01:01:58,18 - 24,high school,Male,Somewhat familiar,Moderate,Yes,No,No,No,Yes,No,No,Yes,Yes,Yes,Alex,No,68,-68,68,-69,68,-100,69,-68,68,2
A3R8KKND7IBAZN,Active,LinguisticAI,2022-02-27 00:51:34,2022-02-27 01:06:29,45 - 54,high school,Female,Somewhat familiar,None,Yes,No,No,No,Yes,No,No,No,Yes,Yes,Alex,Yes,100,100,100,-30,100,-100,100,-34,100,1
A1E235KE3CSO7H,Inactive,SensoryAI,2022-02-27 01:11:21,2022-02-27 01:14:30,Over 55,undergraduate,Female,Somewhat familiar,A little,Yes,No,No,No,No,No,Yes,No,Yes,Yes,Alex,No,66,-100,100,-100,-34,-100,2,-99,100,1
A11KCJVVZDSOT0,Active,SensoryAI,2022-02-27 01:14:32,2022-02-27 01:18:15,35 - 44,undergraduate,Female,Neither familiar  nor unfamiliar,None,Yes,No,No,No,No,No,No,No,Yes,Yes,Alex,Yes,100,-100,100,-72,100,-70,100,-100,-70,0
ADKYBMRKXK815,Inactive,LinguisticAI,2022-02-27 01:15:59,2022-02-27 01:22:48,25 - 34,undergraduate,Female,Somewhat familiar,A little,Yes,No,No,No,No,No,No,No,Yes,Yes,Alex,No,46,-70,66,-87,67,-88,64,-42,68,0
A25R2OI9L2Q1OW,Inactive,LinguisticAI,2022-02-27 01:45:16,2022-02-27 01:49:08,45 - 54,undergraduate,Male,Somewhat familiar,None,Yes,No,No,No,No,No,No,No,Yes,Yes,Alex,No,100,-100,100,-100,100,-100,45,-100,100,0
A187VXD4ETY6M2,Active,LinguisticAI,2022-02-27 01:52:33,2022-02-27 01:55:15,35 - 44,high school,Female,Somewhat familiar,Moderate,Yes,No,No,No,No,No,No,No,Yes,Yes,Alex,Yes,-37,-100,55,-100,-39,-100,28,-29,100,0
A13FTIHWW9GE8X,Active,SensoryAI,2022-02-27 01:51:53,2022-02-27 01:55:17,Over 55,graduate,Female,Neither familiar  nor unfamiliar,None,Yes,No,No,No,Yes,No,No,No,Yes,Yes,Alex,Yes,50,-52,42,-41,33,-48,45,23,75,1
A23YJXEE2AXR3Y,Active,LinguisticAI,2022-02-27 02:06:28,2022-02-27 02:08:41,25 - 34,undergraduate,Male,Somewhat familiar,A little,Yes,No,No,No,No,No,No,No,Yes,Yes,Alex,Yes,51,-51,67,-61,66,-71,56,-10,72,0
A4158R4Y06ZB4,Active,SensoryAI,2022-02-27 02:13:11,2022-02-27 02:16:34,25 - 34,high school,Male,Neither familiar  nor unfamiliar,A little,Yes,No,No,No,No,No,No,No,Yes,Yes,Alex,Yes,100,-100,100,-100,2,-100,100,-100,100,0
A1JM5XNB4NCZR6,Inactive,LinguisticAI,2022-02-27 02:55:41,2022-02-27 03:00:34,Over 55,graduate,Male,Neither familiar  nor unfamiliar,A little,Yes,No,No,No,No,No,No,No,Yes,Yes,Alex,No,100,-100,100,-100,100,-100,100,-100,73,0
AQZF7SJCVT9GT,Inactive,SensoryAI,2022-02-27 03:56:46,2022-02-27 04:01:19,35 - 44,undergraduate,Female,Somewhat familiar,A little,Yes,No,No,No,No,No,No,No,Yes,Yes,Alex,No,87,-100,100,-100,56,-100,-86,-100,-100,0
A1DUPOUC9RNU4L,Active,LinguisticAI,2022-02-27 16:26:13,2022-02-27 16:29:04,Over 55,undergraduate,Female,Somewhat familiar,None,Yes,No,No,No,No,No,No,No,Yes,Yes,Alex,Yes,-23,24,-16,31,-18,21,-21,32,25,0
AECV3VVANUKNO,Inactive,SensoryAI,2022-02-27 16:27:26,2022-02-27 16:29:12,45 - 54,graduate,Female,Neither familiar  nor unfamiliar,Significant,Yes,No,No,No,No,No,Yes,No,Yes,Yes,Alex,No,-37,34,37,14,40,33,-25,31,35,1
A3U21PUMQ6NGT2,Active,SensoryAI,2022-02-27 16:26:22,2022-02-27 16:29:25,35 - 44,high school,Female,Somewhat familiar,None,Yes,No,No,No,No,No,No,No,Yes,Yes,Alex,Yes,68,-36,76,-43,76,-67,17,-27,89,0
A3F2W4HZRDKNW7,Active,SensoryAI,2022-02-27 16:27:06,2022-02-27 16:29:32,35 - 44,high school,Male,Neither familiar  nor unfamiliar,A little,Yes,No,No,No,No,No,Yes,No,Yes,Yes,Alex,Yes,34,2,38,2,33,2,2,2,2,1
A19MNFI7HFHDP3,Inactive,SensoryAI,2022-02-27 16:27:16,2022-02-27 16:29:32,18 - 24,high school,Male,Somewhat familiar,None,Yes,No,No,No,No,No,Yes,No,Yes,Yes,Alex,No,73,-100,56,-100,66,-82,82,-83,17,1
A1OKFYVJTEK4BI,Inactive,LinguisticAI,2022-02-27 16:26:42,2022-02-27 16:29:47,Over 55,graduate,Male,Somewhat familiar,None,Yes,No,No,No,No,No,No,No,Yes,Yes,Alex,No,100,-100,100,-100,100,-100,100,-100,100,0
A3T9WZOUQGE2UW,Inactive,LinguisticAI,2022-02-27 16:26:58,2022-02-27 16:29:58,35 - 44,undergraduate,Female,Neither familiar  nor unfamiliar,None,Yes,No,No,No,No,No,No,No,Yes,Yes,Alex,No,67,0,66,-100,68,-100,34,-100,100,0
A36P1ZQ0GYF567,Active,LinguisticAI,2022-02-27 16:27:20,2022-02-27 16:30:17,25 - 34,undergraduate,Female,Somewhat familiar,None,Yes,No,No,No,No,No,No,No,Yes,Yes,Alex,Yes,-11,69,26,76,13,46,-1,91,100,0
A3MJSYSWX0Q4WQ,Active,LinguisticAI,2022-02-27 16:26:49,2022-02-27 16:30:46,Over 55,graduate,Female,Completely familiar,None,Yes,No,No,No,No,No,No,No,Yes,Yes,Alex,Yes,-63,-100,5,-100,-56,-100,37,54,100,0
A3U0CSC7FMOQUN,Active,SensoryAI,2022-02-27 16:27:14,2022-02-27 16:31:39,45 - 54,graduate,Male,Somewhat familiar,A little,Yes,No,No,No,No,No,No,Yes,Yes,Yes,Alex,Yes,0,-2,2,-100,69,-100,2,-100,100,1
A28NJTAES9CFQH,Inactive,LinguisticAI,2022-02-27 16:27:48,2022-02-27 16:33:10,35 - 44,undergraduate,Male,Neither familiar  nor unfamiliar,A little,Yes,No,No,No,No,No,No,No,Yes,Yes,Alex,No,100,-100,100,-100,100,-100,0,-100,100,0
A2G7N0X0PNX0EE,Inactive,LinguisticAI,2022-02-27 16:31:01,2022-02-27 16:34:55,35 - 44,undergraduate,Male,Somewhat familiar,A little,Yes,No,No,No,No,No,No,No,Yes,Yes,Alex,No,68,-100,69,-100,32,-100,69,-70,100,0
A3BG05WKEJH4M0,Active,SensoryAI,2022-02-27 16:29:04,2022-02-27 16:35:35,45 - 54,undergraduate,Female,Somewhat familiar,None,Yes,No,No,No,No,No,No,No,Yes,Yes,Alex,Yes,15,-59,19,-58,35,-26,15,-16,63,0
AWCCHHQYRFM49,Active,LinguisticAI,2022-02-27 16:30:57,2022-02-27 16:36:42,35 - 44,high school,Male,Somewhat familiar,None,Yes,No,No,No,No,No,No,No,Yes,Yes,Alex,Yes,69,-69,70,-68,69,-69,34,-32,70,0
A38IZLCH8VYVFK,Inactive,LinguisticAI,2022-02-27 16:33:53,2022-02-27 16:37:51,45 - 54,graduate,Male,Somewhat unfamiliar,None,Yes,No,No,No,No,No,No,No,Yes,Yes,Alex,No,72,-99,100,-98,68,-100,73,67,100,0
A25FH7PXC446RG,Active,LinguisticAI,2022-02-27 16:32:42,2022-02-27 16:38:52,Over 55,undergraduate,Female,Somewhat familiar,None,Yes,No,No,No,No,No,No,No,Yes,Yes,Alex,Yes,-70,-69,-67,-69,-68,-68,36,-100,100,0
AUU3FYNZXKENO,Inactive,SensoryAI,2022-02-27 16:35:56,2022-02-27 16:39:32,45 - 54,undergraduate,Female,Completely familiar,Moderate,Yes,No,No,No,No,No,No,No,Yes,Yes,Alex,No,99,-99,99,-93,97,-78,100,11,95,0
A2683ZVNWI119A,Active,SensoryAI,2022-02-27 16:30:53,2022-02-27 16:40:01,25 - 34,undergraduate,Female,Somewhat familiar,A little,Yes,No,No,No,No,No,Yes,No,No,Yes,Alex,Yes,2,17,-19,31,-77,39,-65,2,31,2
A2CWA5VQZ6IWMQ,Active,SensoryAI,2022-02-27 16:39:47,2022-02-27 16:42:31,35 - 44,undergraduate,Male,Somewhat familiar,A little,Yes,No,No,No,No,No,Yes,No,Yes,Yes,Alex,Yes,69,-33,70,-42,67,-63,49,-60,32,1
A207IHY6GERCFO,Inactive,SensoryAI,2022-02-27 16:34:43,2022-02-27 16:45:33,35 - 44,undergraduate,Male,Somewhat familiar,A little,Yes,No,No,No,No,No,No,No,Yes,Yes,Alex,No,66,-25,72,-25,60,-34,55,-7,85,0
A3K1P4SPR8XS7R,Active,LinguisticAI,2022-02-27 16:40:23,2022-02-27 16:46:21,35 - 44,undergraduate,Female,Neither familiar  nor unfamiliar,None,Yes,No,No,No,No,No,No,Yes,Yes,Yes,Alex,Yes,100,100,71,73,100,100,2,2,100,1
A34U4186EW0B9X,Active,SensoryAI,2022-02-27 16:41:03,2022-02-27 16:47:28,45 - 54,undergraduate,Male,Somewhat familiar,A little,Yes,No,No,No,No,No,No,No,Yes,Yes,Alex,Yes,49,2,63,17,68,-15,16,0,60,0
A26WVAVVE1RM47,Inactive,LinguisticAI,2022-02-27 16:38:49,2022-02-27 16:49:17,25 - 34,high school,Female,Somewhat familiar,Moderate,Yes,No,No,No,No,No,No,No,Yes,Yes,Alex,No,-31,41,-1,28,-12,23,35,-47,18,0
A2HRUFTA09371Y,Active,LinguisticAI,2022-02-27 16:58:46,2022-02-27 17:01:28,25 - 34,undergraduate,Female,Somewhat familiar,None,Yes,No,No,No,No,No,No,No,Yes,Yes,Alex,Yes,-38,-68,-1,-72,-68,-75,-65,4,68,0
A35O3H71CM4LVZ,Inactive,SensoryAI,2022-02-27 17:00:32,2022-02-27 17:03:17,35 - 44,high school,Male,Somewhat familiar,Moderate,Yes,No,No,No,No,No,No,Yes,Yes,Yes,Alex,No,10,-35,37,-31,2,-30,11,-15,28,1
A60NQZ1KE5U8T,Active,LinguisticAI,2022-02-27 17:26:34,2022-02-27 17:29:28,45 - 54,undergraduate,Male,Somewhat familiar,Moderate,Yes,Yes,No,No,No,No,No,No,Yes,Yes,Alex,Yes,70,-20,100,-16,74,-100,100,-26,75,1
ANO4UVU9I3OPY,Inactive,LinguisticAI,2022-02-27 17:27:45,2022-02-27 17:31:03,Over 55,undergraduate,Female,Somewhat familiar,Significant,Yes,No,No,No,No,Yes,Yes,No,Yes,Yes,Alex,No,71,-100,68,-100,69,-100,72,-100,36,2
A1N8TKTLXV92QR,Active,LinguisticAI,2022-02-27 17:27:39,2022-02-27 17:33:21,Over 55,graduate,Male,Somewhat familiar,Extensive,Yes,No,No,No,No,No,No,No,Yes,Yes,Alex,Yes,39,24,41,28,33,10,60,2,93,0
AI6U09NVOZ62B,Inactive,LinguisticAI,2022-02-27 17:58:29,2022-02-27 18:01:14,25 - 34,high school,Female,Somewhat familiar,None,Yes,No,No,No,No,No,No,No,Yes,Yes,Alex,No,68,-100,68,-100,70,-100,-1,1,100,0
A1KIL2V6SMJBGX,Inactive,SensoryAI,2022-02-27 18:28:09,2022-02-27 18:33:32,18 - 24,undergraduate,Female,Neither familiar  nor unfamiliar,Extensive,Yes,No,No,No,No,No,No,Yes,Yes,Yes,Alex,No,52,-100,100,-100,100,-100,53,-100,100,1
ARI1EMAHUA9PO,Inactive,SensoryAI,2022-02-27 19:47:18,2022-02-27 19:52:06,35 - 44,undergraduate,Male,Somewhat familiar,A little,Yes,No,No,No,No,No,No,No,Yes,Yes,Alex,No,37,-42,59,-100,50,-100,34,-69,100,0
A3LCMTWTP7JMPO,Active,LinguisticAI,2022-02-27 20:43:12,2022-02-27 20:45:45,18 - 24,undergraduate,Male,Somewhat unfamiliar,A little,Yes,No,No,No,No,No,No,No,Yes,Yes,Alex,Yes,100,-100,100,-100,100,-100,100,-100,100,0
AKHKMEPXX1YZ9,Inactive,LinguisticAI,2022-02-27 20:43:32,2022-02-27 20:45:55,Over 55,undergraduate,Female,Somewhat familiar,None,Yes,No,No,No,No,No,No,No,Yes,Yes,Alex,No,100,-100,100,-98,100,-100,61,60,34,0
A3EC3OP6U52JYC,Active,SensoryAI,2022-02-27 20:42:30,2022-02-27 20:45:59,25 - 34,undergraduate,Male,Somewhat familiar,None,Yes,No,No,No,No,No,No,No,Yes,Yes,Alex,Yes,-38,28,-31,16,-37,1,-64,23,67,0
A7ERZELTAMWL5,Active,LinguisticAI,2022-02-27 20:42:24,2022-02-27 20:46:09,Over 55,graduate,Male,Somewhat familiar,Significant,Yes,No,No,No,No,No,No,No,Yes,Yes,Alex,Yes,28,-3,47,-31,15,-37,2,35,59,0
A27PVIL93ZMY46,Inactive,LinguisticAI,2022-02-27 20:43:31,2022-02-27 20:46:34,35 - 44,high school,Female,Somewhat familiar,None,Yes,No,No,No,No,No,No,No,Yes,Yes,Alex,No,17,-100,9,-100,29,-100,-25,-100,100,0
A1SHLWKA0UH1IS,Active,LinguisticAI,2022-02-27 20:43:32,2022-02-27 20:46:43,Over 55,undergraduate,Female,Somewhat familiar,A little,Yes,No,No,No,No,No,No,No,Yes,Yes,Alex,Yes,-52,-43,-36,-37,-72,-47,-29,-28,68,0
AAC75K1B67YG6,Inactive,SensoryAI,2022-02-27 20:43:45,2022-02-27 20:46:46,18 - 24,high school,Male,Somewhat familiar,A little,Yes,No,Yes,No,No,No,No,No,Yes,Yes,Alex,No,88,-100,77,-100,88,-100,83,-100,59,1
A3VFA6HNMEXO9L,Active,SensoryAI,2022-02-27 20:43:57,2022-02-27 20:47:17,25 - 34,high school,Female,Somewhat familiar,A little,Yes,No,No,No,No,No,No,No,Yes,Yes,Alex,Yes,-22,46,-25,18,-45,30,15,34,94,0
A3B01L2TR8ZH4O,Inactive,SensoryAI,2022-02-27 20:43:24,2022-02-27 20:49:20,25 - 34,undergraduate,Male,Somewhat familiar,A little,Yes,No,No,No,No,No,No,No,Yes,Yes,Alex,No,24,-100,28,-100,37,-100,-23,-100,49,0
ANO2O2CYMYSC,Inactive,LinguisticAI,2022-02-27 20:45:06,2022-02-27 20:49:22,35 - 44,undergraduate,Male,Somewhat familiar,Moderate,Yes,No,No,No,No,No,Yes,No,Yes,Yes,Alex,No,100,-100,70,-100,100,-100,-71,-100,100,1
A3AY0315YWWNXY,Active,LinguisticAI,2022-02-27 20:48:48,2022-02-27 20:51:11,25 - 34,undergraduate,Male,Somewhat familiar,A little,Yes,No,No,No,No,No,No,No,Yes,Yes,Alex,Yes,100,-100,100,-100,100,-100,100,-100,100,0
A11YS0T8MV3Q7C,Active,SensoryAI,2022-02-27 20:45:26,2022-02-27 20:52:04,25 - 34,high school,Male,Completely familiar,A little,Yes,No,No,No,No,No,No,No,Yes,Yes,Alex,Yes,-3,47,-9,23,-15,25,34,15,43,0
A3I9743KVD971V,Inactive,SensoryAI,2022-02-27 20:47:33,2022-02-27 20:52:06,25 - 34,undergraduate,Male,Somewhat familiar,Significant,Yes,No,No,No,No,No,No,No,Yes,Yes,Alex,No,100,-100,100,-100,100,-100,100,100,100,0
A134Z0KUOMR8CW,Inactive,LinguisticAI,2022-02-27 20:55:19,2022-02-27 20:59:05,Over 55,high school,Male,Somewhat familiar,A little,Yes,No,No,No,No,No,No,No,Yes,Yes,Alex,No,83,-100,83,-100,82,-100,84,-100,100,0
A1K4FKVCBTX1RN,Active,SensoryAI,2022-02-27 20:45:41,2022-02-27 21:02:08,25 - 34,undergraduate,Male,Somewhat familiar,Moderate,Yes,No,No,No,No,Yes,Yes,No,Yes,Yes,Alex,Yes,-35,37,-35,29,-31,35,-35,3,34,2
A2F1AA15HG0FRU,Active,SensoryAI,2022-02-27 20:59:48,2022-02-27 21:02:45,45 - 54,high school,Male,Somewhat familiar,A little,Yes,No,No,No,No,No,No,No,Yes,Yes,Alex,Yes,59,-100,58,-100,67,-100,72,-1,100,0
A1M64R8HPYNNZA,Active,LinguisticAI,2022-02-27 20:52:15,2022-02-27 21:04:00,35 - 44,undergraduate,Male,Somewhat familiar,Moderate,Yes,No,No,No,No,No,No,No,Yes,Yes,Alex,Yes,1,22,-55,-29,70,-57,-82,50,90,0
A3KK5FKG3L0Q66,Inactive,SensoryAI,2022-02-27 21:05:53,2022-02-27 21:07:46,25 - 34,high school,Female,Somewhat familiar,None,Yes,No,No,No,No,No,No,No,Yes,Yes,Alex,No,24,-43,61,-64,55,-54,26,2,86,0
AA4O2W236E3FW,Inactive,LinguisticAI,2022-02-27 21:00:35,2022-02-27 21:08:42,45 - 54,high school,Female,Somewhat familiar,None,Yes,No,No,No,No,No,No,No,Yes,Yes,Alex,No,5,-53,45,-29,-25,-39,5,-44,55,0
A3OTBMKOEQ410P,Active,SensoryAI,2022-02-27 21:14:57,2022-02-27 21:24:21,25 - 34,high school,Male,Somewhat familiar,None,Yes,No,No,No,No,No,No,No,Yes,Yes,Alex,Yes,32,1,50,-21,39,-39,50,-39,48,0
AVD6HMIO1HLFI,Active,LinguisticAI,2022-02-27 21:22:09,2022-02-27 21:25:36,25 - 34,high school,Male,Somewhat familiar,None,Yes,No,No,No,No,No,No,No,Yes,Yes,Alex,Yes,100,-95,100,-100,100,-96,100,-88,100,0
A2TDK0LD62WZ8Y,Inactive,SensoryAI,2022-02-27 21:36:20,2022-02-27 21:39:56,Over 55,undergraduate,Female,Somewhat familiar,A little,Yes,No,No,No,No,No,No,No,Yes,Yes,Alex,No,70,-34,69,-100,38,-100,68,37,100,0
A37XBH865833FE,Inactive,LinguisticAI,2022-02-27 21:43:12,2022-02-27 21:45:48,25 - 34,high school,Male,Somewhat familiar,A little,Yes,No,No,No,No,No,No,No,Yes,Yes,Alex,No,72,-60,66,-53,73,-100,30,45,67,0
A2GZNOA5CIVKUB,Active,SensoryAI,2022-02-27 21:44:37,2022-02-27 21:46:30,25 - 34,undergraduate,Female,Somewhat unfamiliar,A little,Yes,No,No,No,No,No,Yes,No,Yes,Yes,Alex,Yes,45,86,83,89,70,81,61,50,53,1
A3APMO8WXVH1V0,Inactive,LinguisticAI,2022-02-27 21:44:39,2022-02-27 21:46:38,25 - 34,undergraduate,Female,Somewhat familiar,A little,Yes,No,No,No,No,No,No,No,Yes,Yes,Alex,No,39,38,26,20,46,10,24,-40,28,0
A2IC4IMH7G9UKU,Inactive,SensoryAI,2022-02-27 21:44:21,2022-02-27 21:48:07,25 - 34,undergraduate,Male,Somewhat unfamiliar,A little,Yes,No,No,No,No,No,No,No,Yes,Yes,Alex,No,63,-43,64,-74,51,-67,60,43,85,0
AJ1VMW9NT7287,Active,LinguisticAI,2022-02-27 21:44:27,2022-02-27 21:49:40,35 - 44,graduate,Male,Somewhat familiar,A little,Yes,No,No,No,No,No,No,No,Yes,Yes,Alex,Yes,78,28,80,20,91,22,93,14,54,0
A2W121DQXNQK1,Inactive,SensoryAI,2022-02-27 21:46:43,2022-02-27 21:50:04,25 - 34,undergraduate,Other,Somewhat familiar,A little,Yes,No,No,No,No,No,No,No,Yes,Yes,Alex,No,100,-100,100,-100,100,-100,100,-100,100,0
AKDZG54PT6YZ4,Inactive,LinguisticAI,2022-02-27 21:45:16,2022-02-27 21:50:38,Prefer not to say,undergraduate,Prefer not to say,Somewhat familiar,A little,Yes,No,No,No,No,No,No,No,Yes,Yes,Alex,No,81,62,74,2,77,2,44,29,59,0
AUQ79MANVDU9B,Active,LinguisticAI,2022-02-27 21:50:32,2022-02-27 21:52:38,25 - 34,undergraduate,Male,Somewhat familiar,Extensive,Yes,No,No,No,No,No,No,No,Yes,Yes,Alex,Yes,17,-100,23,-100,26,-100,10,20,65,0
A2NZAL7KHOR6VF,Active,SensoryAI,2022-02-27 21:53:46,2022-02-27 21:56:46,35 - 44,undergraduate,Female,Somewhat familiar,None,Yes,No,No,No,No,No,No,No,Yes,Yes,Alex,Yes,93,-92,90,-92,91,-94,67,32,90,0
AXY0D2AMLKE2A,Active,LinguisticAI,2022-02-27 22:02:22,2022-02-27 22:05:11,35 - 44,undergraduate,Male,Somewhat familiar,None,Yes,No,No,No,No,No,No,Yes,Yes,Yes,Alex,Yes,65,36,70,-36,70,-35,100,34,100,1
A3MNL6RIME0845,Inactive,LinguisticAI,2022-02-27 22:09:53,2022-02-27 22:17:51,35 - 44,graduate,Male,Neither familiar  nor unfamiliar,Moderate,Yes,No,No,No,Yes,No,No,No,Yes,Yes,Alex,No,32,-100,100,-100,100,-100,-37,100,93,1
A385F5ZBEV6GWD,Inactive,SensoryAI,2022-02-27 22:15:13,2022-02-27 22:22:48,25 - 34,high school,Female,Completely familiar,A little,Yes,No,No,Yes,No,No,No,Yes,Yes,Yes,Alex,No,100,-100,100,-100,100,-100,32,5,100,2
A1WTUFTRMUN5IR,Inactive,SensoryAI,2022-02-27 22:14:41,2022-02-27 22:29:13,25 - 34,high school,Male,Somewhat familiar,None,Yes,No,No,No,No,No,No,No,Yes,Yes,Alex,No,64,-74,67,-82,-75,-91,73,-86,71,0
A3FBASYQ8PGS0T,Active,SensoryAI,2022-02-27 22:33:24,2022-02-27 22:35:48,18 - 24,high school,Male,Somewhat familiar,A little,Yes,Yes,No,No,No,No,Yes,No,Yes,Yes,Alex,Yes,29,77,13,69,-25,80,16,55,100,2
AHKYVHP6591H8,Active,LinguisticAI,2022-02-27 22:46:21,2022-02-27 22:48:42,25 - 34,undergraduate,Male,Somewhat familiar,A little,Yes,No,No,No,No,No,No,No,Yes,Yes,Alex,Yes,83,-52,77,-70,91,-58,62,64,100,0
AMLE1FC3SQVL8,Inactive,LinguisticAI,2022-02-27 22:58:55,2022-02-27 23:01:21,25 - 34,undergraduate,Male,Somewhat unfamiliar,None,Yes,No,No,No,No,No,No,No,Yes,Yes,Alex,No,78,-100,75,-92,60,-96,-35,25,76,0
A2R0YYUAWNT7UD,Inactive,LinguisticAI,2022-02-27 23:33:28,2022-02-27 23:36:10,25 - 34,undergraduate,Male,Somewhat familiar,None,Yes,No,No,No,No,No,No,No,Yes,Yes,Alex,No,36,-100,70,-100,97,-100,35,-100,100,0
