workerId,condition,StartDate,EndDate,Age,Education,Gender,AI.Knowledge,AI.Knowledge.2,comprehension1,comprehension2,comprehension3,comprehension4,comprehension5,comprehension6,comprehension7,comprehension8,comprehension9,comprehension10,Attention1,Attention2,H_Cap_inact_1,tool_Perc_inact_1,Blame_Driver,Blame_tool,Responsibility_Driver,Responsibility_tool,Cause_Driver,Cause_tool,Counterfactual_Driver,Perception_tool,comprehension_errors
A14W0AXTJ3R19V,active,2022-03-21 18:19:23,2022-03-21 18:21:39,25 - 34,undergraduate,Female,Neither familiar  nor unfamiliar,None,Yes,No,No,No,No,No,No,No,Yes,Yes,Alex,Yes,,,67,-77,74,-74,68,-73,65,38,0
A14EYTLSMJRPUK,active,2022-03-21 18:19:32,2022-03-21 18:21:40,35 - 44,undergraduate,Male,Somewhat familiar,None,Yes,No,No,No,No,No,No,Yes,Yes,Yes,Alex,Yes,,,-38,-87,-31,-84,-32,-88,-35,85,1
AUFOO8PU2BK37,active,2022-03-21 18:19:24,2022-03-21 18:21:43,35 - 44,undergraduate,Female,Neither familiar  nor unfamiliar,None,Yes,No,No,No,No,No,No,No,Yes,Yes,Alex,Yes,,,51,39,48,3,2,-1,35,-50,0
A3L60SOWLYEDN2,inactive,2022-03-21 18:19:59,2022-03-21 18:22:30,35 - 44,high school,Male,Somewhat familiar,Moderate,Yes,No,No,No,No,No,No,Yes,Yes,Yes,Alex,No,39,100,31,-46,-46,-55,42,-54,39,100,1
A270A8MZLYEBL,active,2022-03-21 18:19:07,2022-03-21 18:22:39,25 - 34,high school,Female,Somewhat familiar,A little,Yes,No,No,No,Yes,No,No,Yes,Yes,Yes,Alex,Yes,,,-68,30,35,-21,41,32,-31,100,2
A2CEGS0NVDBCPT,inactive,2022-03-21 18:19:34,2022-03-21 18:23:08,25 - 34,undergraduate,Female,Somewhat familiar,Moderate,Yes,No,No,No,No,No,No,No,Yes,Yes,Alex,No,0,55,32,-32,51,-14,49,-36,0,55,0
A2KAGQHCC2GW81,inactive,2022-03-21 18:19:35,2022-03-21 18:23:10,25 - 34,undergraduate,Male,Somewhat familiar,None,Yes,No,No,No,No,No,Yes,No,Yes,Yes,Alex,No,42,100,79,-62,67,-28,93,-99,42,100,1
APVJEN2541WFB,inactive,2022-03-21 18:19:19,2022-03-21 18:23:39,25 - 34,high school,Female,Somewhat familiar,None,Yes,No,No,No,No,No,No,No,Yes,Yes,Alex,No,45,40,54,-9,64,11,68,9,45,40,0
A2BW6WD7LZ9EGV,active,2022-03-21 18:22:38,2022-03-21 18:24:05,25 - 34,high school,Male,Somewhat familiar,A little,Yes,No,No,No,No,No,No,No,Yes,Yes,Alex,Yes,,,79,-68,75,-77,72,-68,72,100,0
A6Y7SZU9L301W,active,2022-03-21 18:22:06,2022-03-21 18:24:11,35 - 44,undergraduate,Male,Somewhat familiar,Moderate,Yes,No,No,No,No,No,No,No,Yes,Yes,Alex,Yes,,,52,-45,38,-44,38,-30,32,76,0
AMIQGW2E3WYO4,inactive,2022-03-21 18:21:18,2022-03-21 18:25:50,25 - 34,high school,Male,Somewhat familiar,Moderate,Yes,No,No,No,No,No,No,No,Yes,Yes,Alex,No,100,100,98,38,100,44,100,60,100,100,0
A2T1LNI80EPOQR,inactive,2022-03-21 18:24:20,2022-03-21 18:27:19,25 - 34,undergraduate,Male,Completely familiar,None,Yes,No,No,No,No,No,No,No,Yes,Yes,Alex,No,34,100,35,-36,34,-35,33,-36,34,100,0
A6HDSE80LQPR8,active,2022-03-21 18:24:31,2022-03-21 18:27:21,35 - 44,undergraduate,Male,Somewhat familiar,A little,Yes,No,No,No,Yes,No,No,No,Yes,Yes,Alex,Yes,,,100,-100,100,-100,100,-100,100,100,1
A110KENBXU7SUJ,active,2022-03-21 18:27:45,2022-03-21 18:29:02,45 - 54,high school,Male,Neither familiar  nor unfamiliar,None,Yes,No,No,No,No,No,No,No,Yes,Yes,Alex,Yes,,,22,-100,24,-100,60,-100,14,75,0
A2Y0WNHMT4PZ4C,inactive,2022-03-21 18:25:04,2022-03-21 18:29:50,45 - 54,high school,Male,Neither familiar  nor unfamiliar,None,Yes,No,No,No,No,No,No,No,Yes,Yes,Alex,No,100,100,100,-100,100,-100,100,-100,100,100,0
A18E16UFE351U6,inactive,2022-03-21 18:28:09,2022-03-21 18:31:19,35 - 44,high school,Female,Somewhat familiar,None,Yes,No,No,No,No,No,No,No,Yes,Yes,Alex,No,100,100,100,-100,100,-100,100,-100,100,100,0
A3CH1Z6J9R38G9,active,2022-03-21 18:29:34,2022-03-21 18:33:43,25 - 34,graduate,Male,Neither familiar  nor unfamiliar,A little,Yes,No,No,No,No,No,No,No,Yes,Yes,Alex,Yes,,,-37,-64,-46,-64,-48,-60,-42,73,0
A1G4QY3W5J5PMW,inactive,2022-03-21 18:31:59,2022-03-21 18:34:15,25 - 34,undergraduate,Male,Somewhat familiar,Moderate,Yes,No,No,No,No,No,No,Yes,Yes,Yes,Alex,No,90,100,54,19,35,-48,41,12,90,100,1
A181HHZC94KPZR,active,2022-03-21 18:32:47,2022-03-21 18:36:18,35 - 44,undergraduate,Male,Somewhat familiar,A little,Yes,No,No,No,No,No,No,No,Yes,Yes,Alex,Yes,,,35,-100,34,-100,34,-100,35,100,0
ACM3TPZKLE7WC,active,2022-03-21 18:33:52,2022-03-21 18:37:05,25 - 34,undergraduate,Female,Completely unfamiliar,None,Yes,No,No,No,No,No,No,Yes,Yes,Yes,Alex,Yes,,,59,-100,9,-100,94,-100,74,100,1
A1RTLF0OVZI4QT,inactive,2022-03-21 18:36:50,2022-03-21 18:38:25,35 - 44,high school,Male,Somewhat familiar,A little,Yes,No,No,No,No,No,No,No,Yes,Yes,Alex,No,100,100,100,-100,100,-100,100,-100,100,100,0
A7OZPNXIVO1FX,inactive,2022-03-21 18:30:14,2022-03-21 18:40:32,25 - 34,graduate,Female,Completely familiar,None,Yes,No,No,No,No,No,No,No,Yes,Yes,Alex,No,83,100,47,-68,42,-69,100,-71,83,100,0
A2EAJ7834XI2IT,active,2022-03-21 18:38:03,2022-03-21 18:41:47,25 - 34,primary school,Male,Completely familiar,None,Yes,No,No,No,No,No,No,No,Yes,Yes,Alex,Yes,,,-28,-100,-30,-100,-32,-100,-16,97,0
AOGXFLXT1BNE9,active,2022-03-21 18:39:41,2022-03-21 18:41:52,25 - 34,high school,Female,Somewhat familiar,A little,Yes,No,No,No,No,No,No,No,Yes,Yes,Alex,Yes,,,-57,-42,-45,-47,-42,-44,-31,100,0
A3LT7W355XOAKF,inactive,2022-03-21 18:37:37,2022-03-21 18:42:48,Over 55,undergraduate,Male,Somewhat familiar,Moderate,Yes,No,No,No,No,Yes,Yes,No,Yes,Yes,Alex,No,67,100,100,-100,100,-100,68,-100,67,100,2
A1AMGHYG5PT0L2,inactive,2022-03-21 18:46:27,2022-03-21 18:51:55,35 - 44,graduate,Female,Somewhat familiar,None,Yes,No,No,No,No,No,No,Yes,Yes,Yes,Alex,No,40,77,100,-56,100,-56,100,-78,40,77,1
A320QA9HJFUOZO,active,2022-03-21 18:52:53,2022-03-21 18:54:42,35 - 44,undergraduate,Male,Somewhat familiar,None,Yes,No,No,No,No,No,No,No,Yes,Yes,Alex,Yes,,,53,-100,59,-95,70,-91,48,77,0
AKP66RIZ3LQVX,inactive,2022-03-21 18:57:07,2022-03-21 18:59:44,18 - 24,high school,Male,Somewhat familiar,Significant,Yes,No,No,No,No,No,Yes,No,Yes,Yes,Alex,No,66,96,40,-68,36,-94,68,-70,66,96,1
A37GOGQDYDT44K,inactive,2022-03-21 19:14:31,2022-03-21 19:16:40,25 - 34,undergraduate,Female,Somewhat familiar,None,Yes,No,No,No,No,No,No,No,Yes,Yes,Alex,No,100,100,80,55,96,-96,100,49,100,100,0
A1DD23J1WBGQUU,active,2022-03-21 19:20:22,2022-03-21 19:22:03,35 - 44,undergraduate,Female,Completely familiar,A little,Yes,No,No,No,No,No,No,No,Yes,Yes,Alex,Yes,,,33,-40,32,-39,0,-70,67,100,0
A33VGSEJ44ORMF,inactive,2022-03-21 19:22:51,2022-03-21 19:27:04,Over 55,graduate,Female,Somewhat familiar,None,Yes,No,No,No,No,No,No,Yes,Yes,Yes,Alex,No,2,48,5,-59,47,-62,12,-47,2,48,1
AK1Q45RF8A87Z,inactive,2022-03-21 19:24:49,2022-03-21 19:27:23,Over 55,undergraduate,Female,Somewhat familiar,None,Yes,No,No,No,No,No,No,No,Yes,Yes,Alex,No,100,100,100,-100,100,-91,100,-90,100,100,0
A2EPBSY0VPI38S,inactive,2022-03-21 19:33:06,2022-03-21 19:36:59,45 - 54,undergraduate,Female,Somewhat familiar,None,Yes,No,No,No,No,No,No,No,Yes,Yes,Alex,No,65,72,86,-71,90,-69,66,-70,65,72,0
A37YMBYCGM5W2D,active,2022-03-21 19:45:24,2022-03-21 19:48:43,25 - 34,undergraduate,Male,Somewhat familiar,A little,Yes,No,No,No,No,No,No,No,Yes,Yes,Alex,Yes,,,61,-53,82,-22,53,-61,75,100,0
A38240X9B0EBKE,inactive,2022-03-21 20:20:02,2022-03-21 20:22:09,35 - 44,graduate,Male,Neither familiar  nor unfamiliar,Moderate,Yes,No,No,No,No,No,No,Yes,Yes,Yes,Alex,No,53,77,55,-47,78,-41,61,-68,53,77,1
A1OQIXAU1SEJ4P,active,2022-03-21 20:42:04,2022-03-21 20:44:12,35 - 44,high school,Female,Somewhat familiar,None,Yes,No,No,No,No,No,No,No,Yes,Yes,Alex,Yes,,,-21,-27,-28,-50,-21,-23,-15,62,0
A9HQ3E0F2AGVO,inactive,2022-03-21 23:12:25,2022-03-21 23:13:40,25 - 34,undergraduate,Female,Somewhat familiar,A little,Yes,No,No,No,No,No,Yes,No,Yes,Yes,Alex,No,70,100,100,-69,100,-100,31,-69,70,100,1
AZCGF2D7QIO10,inactive,2022-03-21 23:13:01,2022-03-21 23:14:53,25 - 34,high school,Male,Completely familiar,A little,Yes,No,No,No,No,No,No,No,Yes,Yes,Alex,No,100,100,100,35,100,-33,100,-35,100,100,0
A1N42UVFXE4L8G,active,2022-03-21 23:12:48,2022-03-21 23:15:18,35 - 44,undergraduate,Male,Somewhat unfamiliar,Moderate,Yes,No,No,No,No,No,No,No,Yes,Yes,Alex,Yes,,,-66,-79,74,-87,61,-95,-23,77,0
A3TPCXJD1H8UNY,active,2022-03-21 23:14:20,2022-03-21 23:16:16,35 - 44,undergraduate,Female,Somewhat unfamiliar,Significant,Yes,No,No,No,No,No,No,No,Yes,Yes,Alex,Yes,,,100,-100,94,-100,84,-71,87,100,0
A18SXC3JEN1O0U,inactive,2022-03-21 23:12:44,2022-03-21 23:16:41,Over 55,high school,Male,Somewhat familiar,None,Yes,No,No,No,No,No,No,No,Yes,Yes,Alex,No,97,24,92,-100,97,-100,99,-100,97,24,0
A1FP3SH704X01V,inactive,2022-03-21 23:15:13,2022-03-21 23:16:52,25 - 34,high school,Female,Somewhat familiar,Significant,Yes,No,No,No,No,No,No,Yes,Yes,Yes,Alex,No,100,100,100,10,100,14,100,-57,100,100,1
A2O2Q0LVWOWJ1G,inactive,2022-03-21 23:15:02,2022-03-21 23:17:22,45 - 54,high school,Female,Completely familiar,A little,Yes,No,No,No,No,No,No,No,Yes,Yes,Alex,No,100,100,100,-39,100,32,100,24,100,100,0
A1J6LV7NWDKV9N,active,2022-03-21 23:12:47,2022-03-21 23:17:33,35 - 44,undergraduate,Female,Somewhat familiar,Moderate,Yes,No,No,No,No,No,No,No,Yes,Yes,Alex,Yes,,,70,35,67,2,68,2,36,100,0
AT0COJ1G23ZB0,inactive,2022-03-21 23:15:54,2022-03-21 23:17:55,25 - 34,graduate,Female,Somewhat familiar,Moderate,Yes,No,No,No,No,No,No,No,Yes,Yes,Alex,No,61,73,44,-55,30,-23,31,-61,61,73,0
AOIR8V07FYMH5,active,2022-03-21 23:15:43,2022-03-21 23:18:48,35 - 44,high school,Male,Somewhat familiar,Significant,Yes,No,No,No,No,No,No,Yes,Yes,Yes,Alex,Yes,,,100,-46,90,-88,58,-64,55,53,1
ANWY0TG55MWW9,inactive,2022-03-21 23:12:43,2022-03-21 23:19:45,45 - 54,undergraduate,Male,Somewhat familiar,Moderate,Yes,No,No,No,No,No,No,No,Yes,Yes,Alex,No,100,100,68,-100,100,-100,68,-100,100,100,0
A3UUH3632AI3ZX,active,2022-03-21 23:18:37,2022-03-21 23:20:14,35 - 44,undergraduate,Female,Somewhat familiar,Moderate,Yes,No,No,No,No,No,No,No,Yes,Yes,Alex,Yes,,,35,-29,30,-27,42,-21,32,100,0
A2JP9IKRHNLRPI,inactive,2022-03-21 23:18:24,2022-03-21 23:20:36,25 - 34,undergraduate,Male,Somewhat familiar,A little,Yes,No,No,No,No,No,No,No,Yes,Yes,Alex,No,-70,100,100,-100,100,-100,100,-100,-70,100,0
A2CPI18KZN30KW,active,2022-03-21 23:13:13,2022-03-21 23:25:48,45 - 54,graduate,Male,Somewhat familiar,A little,Yes,No,Yes,No,Yes,No,No,No,Yes,Yes,Alex,Yes,,,88,-71,100,-100,100,-100,100,69,2
A3V9JFVZQ2XF4Y,inactive,2022-03-21 23:23:39,2022-03-21 23:25:56,35 - 44,undergraduate,Male,Somewhat familiar,Moderate,Yes,No,No,No,No,No,No,No,Yes,Yes,Alex,No,66,100,69,-63,68,-69,77,-65,66,100,0
A2BCK6M4SPHRRH,active,2022-03-21 23:24:11,2022-03-21 23:26:54,25 - 34,graduate,Female,Completely familiar,A little,Yes,No,No,No,No,No,No,No,Yes,Yes,Alex,Yes,,,46,-100,30,-67,69,-100,32,99,0
A2YGOORS5N9RW8,active,2022-03-21 23:26:28,2022-03-21 23:28:46,35 - 44,high school,Male,Neither familiar  nor unfamiliar,None,Yes,No,No,No,No,No,No,No,Yes,Yes,Alex,Yes,,,60,-1,100,-26,-25,-31,2,100,0
AWAW665TQQP2F,inactive,2022-03-21 23:13:55,2022-03-21 23:28:51,35 - 44,undergraduate,Female,Somewhat familiar,None,Yes,No,No,No,No,No,No,No,Yes,Yes,Alex,No,87,72,77,-99,89,-73,71,-71,87,72,0
ATQJPX3S1JBVY,active,2022-03-21 23:28:28,2022-03-21 23:30:06,25 - 34,graduate,Male,Completely familiar,Significant,Yes,No,No,No,No,No,No,No,Yes,Yes,Alex,Yes,,,32,-66,36,-72,39,-67,-35,36,0
A1EITLFAMKA61U,inactive,2022-03-21 23:27:32,2022-03-21 23:30:17,35 - 44,high school,Male,Somewhat familiar,None,Yes,No,No,No,No,No,No,No,Yes,Yes,Alex,No,70,100,100,-67,100,-61,100,-100,70,100,0
A3F8K7ZV8AX8UR,inactive,2022-03-21 23:28:08,2022-03-21 23:30:24,25 - 34,undergraduate,Male,Somewhat familiar,None,Yes,No,No,No,No,No,No,No,Yes,Yes,Alex,No,14,-41,2,37,13,47,18,25,14,-41,0
A1SX8IVV82M0LW,active,2022-03-21 23:51:26,2022-03-21 23:52:30,18 - 24,undergraduate,Male,Somewhat familiar,Moderate,Yes,No,No,No,No,No,No,No,Yes,Yes,Alex,Yes,,,41,-27,33,-50,52,-52,52,100,0
A48WNR6C4CI3J,active,2022-03-22 00:13:40,2022-03-22 00:16:00,35 - 44,high school,Male,Somewhat familiar,A little,Yes,No,No,No,No,No,No,No,Yes,Yes,Alex,Yes,,,100,-65,100,-60,67,-73,34,100,0
A11LNK1U3DT08V,inactive,2022-03-22 00:14:06,2022-03-22 00:17:00,25 - 34,undergraduate,Male,Somewhat familiar,None,Yes,No,No,No,No,No,No,Yes,Yes,Yes,Alex,No,100,100,100,-100,100,-100,100,-100,100,100,1
AZ4NVW69W0R2,active,2022-03-22 00:14:52,2022-03-22 00:19:07,18 - 24,undergraduate,Female,Completely familiar,Moderate,Yes,No,No,No,Yes,No,No,No,Yes,Yes,Alex,Yes,,,33,0,32,-28,41,-22,19,43,1
A24F08A7411TVV,inactive,2022-03-22 00:17:24,2022-03-22 00:20:09,35 - 44,high school,Male,Somewhat familiar,Significant,Yes,No,No,No,No,No,No,No,Yes,Yes,Alex,No,52,70,69,-37,67,-70,69,-48,52,70,0
A1Q6VY3C3CEOA0,inactive,2022-03-22 00:14:20,2022-03-22 00:23:05,45 - 54,undergraduate,Male,Somewhat familiar,None,Yes,No,No,No,No,No,No,No,Yes,Yes,Alex,No,87,100,75,34,75,34,75,34,87,100,0
A3CD3C99T8S6ON,active,2022-03-22 00:27:09,2022-03-22 00:29:54,25 - 34,graduate,Male,Somewhat familiar,Significant,Yes,No,No,No,No,No,No,No,Yes,Yes,Alex,Yes,,,55,-41,17,-26,38,-54,17,68,0
A29LYIS36PQSOF,inactive,2022-03-22 00:48:28,2022-03-22 00:50:30,18 - 24,undergraduate,Female,Neither familiar  nor unfamiliar,None,Yes,No,No,No,No,No,Yes,No,Yes,Yes,Alex,No,-24,2,-25,13,-17,26,-36,25,-24,2,1
A2OU4N4VBIE91I,active,2022-03-22 00:53:07,2022-03-22 00:56:12,35 - 44,undergraduate,Male,Somewhat familiar,None,Yes,No,No,No,No,No,No,No,Yes,Yes,Alex,Yes,,,100,-50,100,-52,100,-54,68,68,0
A3P4XZJM2DEATZ,active,2022-03-22 01:15:15,2022-03-22 01:17:12,25 - 34,high school,Female,Somewhat familiar,Moderate,Yes,No,No,No,No,No,No,No,Yes,Yes,Alex,Yes,,,76,-100,67,-90,83,-71,30,100,0
AQJU0QTBRKJ3,inactive,2022-03-22 01:15:02,2022-03-22 01:17:46,35 - 44,undergraduate,Male,Somewhat familiar,A little,Yes,No,No,No,No,No,No,No,Yes,Yes,Alex,No,66,100,83,-100,66,-100,56,-100,66,100,0
ADXTSCZCNDZSW,active,2022-03-22 01:24:06,2022-03-22 01:25:50,25 - 34,undergraduate,Female,Neither familiar  nor unfamiliar,None,Yes,No,No,No,No,No,Yes,No,Yes,Yes,Alex,Yes,,,41,-41,58,-35,46,-44,35,40,1
A1G6F1HWIS2K2K,inactive,2022-03-22 02:37:32,2022-03-22 02:45:27,45 - 54,undergraduate,Female,Somewhat familiar,None,Yes,No,No,No,No,No,No,No,Yes,Yes,Alex,No,57,100,58,-1,55,48,52,2,57,100,0
A2NMAOYBBJTO0R,active,2022-03-22 02:54:42,2022-03-22 02:55:51,18 - 24,undergraduate,Female,Neither familiar  nor unfamiliar,None,Yes,No,No,No,No,No,Yes,No,Yes,Yes,Alex,Yes,,,33,-40,38,-38,26,-40,31,70,1
A5P5BCZ0IHGTT,inactive,2022-03-22 15:21:02,2022-03-22 15:23:06,35 - 44,graduate,Female,Somewhat unfamiliar,None,Yes,No,No,No,No,No,No,No,Yes,Yes,Alex,No,32,100,99,-100,100,-35,99,-69,32,100,0
A273EH17NSJRH0,active,2022-03-22 15:21:20,2022-03-22 15:23:20,25 - 34,high school,Female,Somewhat familiar,A little,Yes,No,No,No,No,No,No,No,Yes,Yes,Alex,Yes,,,-100,-100,-100,-100,-100,-100,-100,100,0
AOAZMLP27GD81,inactive,2022-03-22 15:21:18,2022-03-22 15:23:28,35 - 44,high school,Male,Somewhat familiar,A little,Yes,No,No,No,No,No,No,No,Yes,Yes,Alex,No,100,100,68,-67,71,-70,66,-67,100,100,0
A12IHTKQFQIPD1,active,2022-03-22 15:20:46,2022-03-22 15:23:31,35 - 44,high school,Male,Completely familiar,None,Yes,No,No,No,No,No,No,No,Yes,Yes,Alex,Yes,,,69,-73,74,-3,36,37,68,100,0
A27IABVBUZ9X8Z,inactive,2022-03-22 15:20:18,2022-03-22 15:23:58,Over 55,undergraduate,Female,Somewhat familiar,None,Yes,No,No,No,No,No,No,No,Yes,Yes,Alex,No,69,100,68,-100,69,-100,69,-100,69,100,0
ABBP9JASL9AGK,active,2022-03-22 15:21:18,2022-03-22 15:24:45,25 - 34,undergraduate,Female,Somewhat familiar,None,Yes,No,No,No,No,No,No,No,Yes,Yes,Alex,Yes,,,100,-100,100,-100,100,-100,39,100,0
A1CC1ESUM2JWJ2,active,2022-03-22 15:23:40,2022-03-22 15:25:23,35 - 44,undergraduate,Female,Somewhat unfamiliar,A little,Yes,No,No,No,No,No,No,No,Yes,Yes,Alex,Yes,,,68,-68,67,-67,68,-65,66,67,0
A2LEBJWW395FST,inactive,2022-03-22 15:20:48,2022-03-22 15:25:36,35 - 44,undergraduate,Male,Completely familiar,Significant,Yes,No,No,No,No,No,No,No,Yes,Yes,Alex,No,63,61,100,30,100,-79,100,-75,63,61,0
AAASQIW3J32OL,inactive,2022-03-22 15:22:37,2022-03-22 15:25:39,Over 55,undergraduate,Female,Somewhat familiar,None,Yes,No,No,No,No,No,No,No,Yes,Yes,Alex,No,1,100,-42,-100,29,-100,36,-100,1,100,0
A171UXH8M8F6HS,inactive,2022-03-22 15:24:24,2022-03-22 15:27:11,35 - 44,high school,Female,Completely familiar,Extensive,Yes,No,No,No,No,No,Yes,No,Yes,Yes,Alex,No,67,100,39,99,34,52,38,37,67,100,1
A3LGUYS3JU2C1T,inactive,2022-03-22 15:21:32,2022-03-22 15:27:44,25 - 34,undergraduate,Male,Somewhat familiar,Moderate,Yes,No,No,No,No,No,Yes,No,Yes,Yes,Alex,No,71,94,77,22,75,25,79,25,71,94,1
AR1IWBDA7MC86,active,2022-03-22 15:20:18,2022-03-22 15:28:36,25 - 34,undergraduate,Male,Somewhat familiar,Moderate,Yes,No,No,No,No,No,No,No,Yes,Yes,Alex,Yes,,,68,-35,71,-100,100,-100,68,100,0
A26HXIQ122VP6Q,inactive,2022-03-22 15:25:23,2022-03-22 15:29:00,25 - 34,high school,Female,Somewhat familiar,None,Yes,No,No,No,No,No,Yes,No,Yes,Yes,Alex,No,100,-100,100,-100,100,-100,100,-100,100,-100,1
A3E50NZCJNLDG1,active,2022-03-22 15:25:15,2022-03-22 15:29:16,18 - 24,high school,Male,Neither familiar  nor unfamiliar,A little,Yes,No,No,No,No,No,Yes,No,Yes,Yes,Alex,Yes,,,-25,12,-17,44,53,-16,23,67,1
ARRDHASPCGP4L,active,2022-03-22 15:27:00,2022-03-22 15:29:49,25 - 34,high school,Female,Somewhat familiar,None,Yes,No,No,No,No,No,No,No,Yes,Yes,Alex,Yes,,,100,-100,100,-100,100,-100,100,100,0
A1AF25FCVKC87X,active,2022-03-22 15:27:02,2022-03-22 15:30:19,35 - 44,undergraduate,Male,Somewhat familiar,Moderate,Yes,No,No,No,No,No,No,Yes,Yes,Yes,Alex,Yes,,,-19,-30,-20,-28,-23,-28,-28,100,1
A2NQR8NLH5P3IH,inactive,2022-03-22 15:27:48,2022-03-22 15:31:43,25 - 34,high school,Female,Somewhat familiar,None,Yes,No,No,No,No,No,Yes,No,Yes,Yes,Alex,No,34,100,33,0,34,-1,33,69,34,100,1
A1Q0G8JA5EZ8EI,inactive,2022-03-22 15:27:59,2022-03-22 15:31:52,25 - 34,graduate,Male,Somewhat familiar,None,Yes,No,No,No,No,No,No,No,No,Yes,Alex,No,54,64,58,-50,60,-45,53,-50,54,64,1
AI9QOT5C5DN1P,active,2022-03-22 15:30:01,2022-03-22 15:34:56,35 - 44,undergraduate,Male,Somewhat familiar,A little,Yes,No,No,No,No,No,No,No,Yes,Yes,Alex,Yes,,,32,-29,32,-31,-14,-44,12,38,0
A3BLJ6QSDTZC9U,inactive,2022-03-22 15:36:56,2022-03-22 15:39:33,35 - 44,undergraduate,Female,Somewhat familiar,A little,Yes,No,No,No,No,No,No,No,Yes,Yes,Alex,No,-43,100,100,-100,100,-100,100,-100,-43,100,0
A3K2D2ALH4IQWH,active,2022-03-22 15:37:03,2022-03-22 15:41:46,35 - 44,high school,Female,Somewhat familiar,None,Yes,No,No,No,No,No,No,No,Yes,Yes,Alex,Yes,,,41,-100,43,-60,40,-100,45,70,0
A37GOI3N77WX21,inactive,2022-03-22 15:43:07,2022-03-22 15:48:42,25 - 34,high school,Male,Completely familiar,Moderate,Yes,No,No,No,No,No,No,No,Yes,Yes,Alex,No,100,100,100,-35,100,-34,100,-37,100,100,0
A3FS9ARMYUQS3E,inactive,2022-03-22 15:46:13,2022-03-22 15:49:54,25 - 34,undergraduate,Male,Somewhat familiar,A little,Yes,No,No,No,No,No,No,No,Yes,Yes,Alex,No,43,71,54,-40,47,-21,45,-35,43,71,0
A13WTEQ06V3B6D,active,2022-03-22 15:49:18,2022-03-22 15:53:33,25 - 34,graduate,Male,Neither familiar  nor unfamiliar,None,Yes,No,No,No,No,No,No,No,Yes,Yes,Alex,Yes,,,100,-100,100,-100,100,-100,68,100,0
ANKDLLQHHM2OH,active,2022-03-22 15:53:29,2022-03-22 15:59:00,35 - 44,high school,Female,Somewhat familiar,None,Yes,No,No,No,No,No,No,No,Yes,Yes,Alex,Yes,,,100,39,70,69,81,65,2,99,0
A2D456R87NP4S4,active,2022-03-22 15:59:59,2022-03-22 16:04:53,25 - 34,high school,Male,Somewhat unfamiliar,None,Yes,No,No,No,Yes,No,No,No,Yes,Yes,Alex,Yes,,,18,28,29,16,48,19,44,21,1
A2HFVL6GHX9R9V,inactive,2022-03-22 16:02:43,2022-03-22 16:05:31,18 - 24,undergraduate,Male,Neither familiar  nor unfamiliar,A little,Yes,No,No,No,No,No,No,No,Yes,Yes,Alex,No,34,100,-7,10,1,33,20,-32,34,100,0
AKHH4W14A6AN9,inactive,2022-03-22 15:56:27,2022-03-22 16:08:34,35 - 44,undergraduate,Female,Somewhat familiar,A little,Yes,No,No,No,No,No,No,No,Yes,Yes,Alex,No,100,77,22,-30,85,-70,90,-56,100,77,0
A36W9YOEXLJLBT,inactive,2022-03-22 16:05:53,2022-03-22 16:10:10,25 - 34,graduate,Male,Completely familiar,Significant,Yes,No,No,No,No,No,No,No,Yes,Yes,Alex,No,-35,65,-31,-100,-34,-100,-34,-100,-35,65,0
A2G4LF9B21Z28Y,active,2022-03-22 16:15:59,2022-03-22 16:23:06,25 - 34,undergraduate,Female,Somewhat familiar,A little,Yes,No,No,No,No,No,No,No,Yes,Yes,Alex,Yes,,,72,46,84,-35,68,57,57,70,0
A3GWRDHAURRNK6,inactive,2022-03-22 16:25:44,2022-03-22 16:29:30,45 - 54,undergraduate,Male,Somewhat familiar,None,Yes,No,No,No,No,No,No,No,Yes,Yes,Alex,No,100,100,100,-100,100,-100,100,-100,100,100,0
A3TF0TA67EBKBE,inactive,2022-03-22 16:30:26,2022-03-22 16:35:39,25 - 34,high school,Female,Neither familiar  nor unfamiliar,Significant,Yes,No,No,No,No,No,No,No,Yes,Yes,Alex,No,66,98,36,-21,100,-44,24,-26,66,98,0
AOP2X26YS0DS9,active,2022-03-22 16:35:20,2022-03-22 16:37:59,25 - 34,high school,Male,Somewhat familiar,Moderate,Yes,No,No,No,No,No,Yes,No,Yes,Yes,Alex,Yes,,,-22,29,-20,32,-41,33,23,20,1
APRHR60T52KR9,active,2022-03-22 16:30:59,2022-03-22 16:38:40,25 - 34,undergraduate,Male,Somewhat familiar,None,Yes,No,No,No,No,No,Yes,No,Yes,Yes,Alex,Yes,,,2,32,2,37,-38,38,-26,32,1
A3SXQNCJD6U86L,inactive,2022-03-22 16:22:19,2022-03-22 16:46:59,25 - 34,undergraduate,Male,Somewhat familiar,A little,Yes,No,No,No,No,No,No,No,Yes,Yes,Alex,No,74,78,100,-50,100,34,100,-59,74,78,0
A1UY2W2FL9CWN,inactive,2022-03-22 16:51:28,2022-03-22 16:55:59,35 - 44,undergraduate,Male,Somewhat familiar,None,Yes,No,No,No,No,No,No,No,Yes,Yes,Alex,No,79,96,80,-89,77,-80,85,-68,79,96,0
A24M9OW53CLT94,active,2022-03-22 16:57:21,2022-03-22 16:59:17,25 - 34,undergraduate,Male,Somewhat familiar,Significant,Yes,No,No,No,No,No,No,No,Yes,Yes,Alex,Yes,,,78,-8,70,-40,69,1,59,91,0
A2FP41BSPG0Y4A,inactive,2022-03-22 18:22:28,2022-03-22 18:42:59,35 - 44,undergraduate,Female,Somewhat familiar,Significant,Yes,No,No,No,Yes,No,No,No,Yes,Yes,Alex,No,83,46,78,-64,80,-59,66,-66,83,46,1
A1956EPWXWJAU6,inactive,2022-03-22 20:35:30,2022-03-22 20:37:26,25 - 34,undergraduate,Female,Somewhat unfamiliar,None,Yes,No,No,No,No,No,No,No,Yes,Yes,Alex,No,27,100,48,14,74,46,66,-14,27,100,0
A31TXJQH5S8SVQ,active,2022-03-22 20:35:34,2022-03-22 20:38:30,25 - 34,undergraduate,Male,Somewhat unfamiliar,Moderate,Yes,No,No,No,No,No,No,No,Yes,Yes,Alex,Yes,,,38,-70,37,-69,35,-100,-35,100,0
A34OBJP7DD6MWZ,inactive,2022-03-22 20:36:05,2022-03-22 20:38:45,35 - 44,undergraduate,Female,Neither familiar  nor unfamiliar,None,Yes,No,No,No,No,No,No,No,Yes,Yes,Alex,No,43,23,47,-2,42,-31,32,-35,43,23,0
A1561P9VVA3C1C,inactive,2022-03-22 20:35:37,2022-03-22 20:39:13,45 - 54,undergraduate,Female,Completely familiar,A little,Yes,No,No,No,No,No,No,No,Yes,Yes,Alex,No,39,100,39,-38,54,-52,39,-44,39,100,0
A1ROXYH1B9NFLH,active,2022-03-22 20:35:57,2022-03-22 20:39:40,35 - 44,high school,Female,Somewhat familiar,Moderate,Yes,No,No,No,No,No,No,No,Yes,Yes,Alex,Yes,,,100,-100,100,-100,100,-100,100,100,0
A12UOIO3KBRF7M,active,2022-03-22 20:36:41,2022-03-22 20:39:41,Over 55,high school,Female,Somewhat familiar,A little,Yes,No,No,No,No,No,No,No,Yes,Yes,Alex,Yes,,,34,-55,31,-62,20,-38,-32,100,0
A3QW42Y2P0DLT7,inactive,2022-03-22 20:35:34,2022-03-22 20:40:07,18 - 24,high school,Female,Somewhat familiar,None,Yes,No,No,No,No,No,No,No,Yes,Yes,Alex,No,55,70,-32,-69,41,-61,20,-83,55,70,0
A11LL3J3YSXB4U,inactive,2022-03-22 20:36:19,2022-03-22 20:40:27,25 - 34,high school,Male,Somewhat familiar,Significant,Yes,No,No,No,No,No,No,No,Yes,Yes,Alex,No,34,100,36,-34,35,-35,37,-34,34,100,0
A292T1OXCVXN78,active,2022-03-22 20:38:28,2022-03-22 20:40:32,25 - 34,undergraduate,Male,Somewhat unfamiliar,Moderate,Yes,No,No,No,No,No,No,No,Yes,Yes,Alex,Yes,,,92,-83,93,-80,100,-96,76,100,0
A3UJSDFJ9LBQ6Z,inactive,2022-03-22 20:41:08,2022-03-22 20:44:35,45 - 54,high school,Female,Somewhat familiar,A little,Yes,No,No,No,No,No,No,No,Yes,Yes,Alex,No,-36,100,-52,-48,-65,-45,-50,-47,-36,100,0
ACJNWSBIVI46H,inactive,2022-03-22 20:44:08,2022-03-22 20:47:41,35 - 44,undergraduate,Male,Somewhat familiar,None,Yes,No,No,No,No,No,No,No,Yes,Yes,Alex,No,68,100,100,-100,100,-100,100,-100,68,100,0
A3CF8ULBSE8MTL,active,2022-03-22 20:46:32,2022-03-22 20:48:11,25 - 34,undergraduate,Female,Somewhat familiar,A little,Yes,No,No,No,No,No,No,No,Yes,Yes,Alex,Yes,,,100,-100,100,-100,100,-100,68,100,0
A1R1E7TZ9OHFIG,inactive,2022-03-22 20:43:29,2022-03-22 20:54:07,25 - 34,undergraduate,Female,Somewhat familiar,Moderate,Yes,No,No,No,Yes,No,No,No,Yes,Yes,Alex,No,85,100,77,60,76,15,85,34,85,100,1
A6BXO4JNQP7W9,inactive,2022-03-22 20:52:12,2022-03-22 20:54:32,25 - 34,high school,Male,Somewhat familiar,Moderate,Yes,No,No,No,No,No,Yes,No,Yes,Yes,Alex,No,-26,81,83,-76,80,-54,88,-59,-26,81,1
ANX6Q4NMZL8EI,active,2022-03-22 20:51:34,2022-03-22 20:56:28,45 - 54,high school,Female,Somewhat familiar,None,Yes,No,No,No,No,No,No,No,Yes,Yes,Alex,Yes,,,40,-68,45,-72,38,-71,68,100,0
A34YDGVZKRJ0LZ,active,2022-03-22 20:56:03,2022-03-22 20:59:59,45 - 54,undergraduate,Female,Completely familiar,Moderate,Yes,No,No,No,No,No,No,No,Yes,Yes,Alex,Yes,,,95,-72,78,-99,64,-98,98,63,0
A2Y4UMAUYJM9GK,inactive,2022-03-22 20:58:07,2022-03-22 21:00:52,45 - 54,undergraduate,Male,Completely familiar,Extensive,Yes,No,No,No,No,No,No,No,Yes,Yes,Alex,No,100,68,100,-100,100,-100,100,-100,100,68,0
A2NMLTECRDWFN2,active,2022-03-22 20:58:59,2022-03-22 21:02:26,25 - 34,undergraduate,Female,Somewhat familiar,None,Yes,No,No,No,Yes,No,No,No,Yes,Yes,Alex,Yes,,,100,-100,100,-100,100,-100,100,100,1
A2MFMT03E21ZIT,inactive,2022-03-22 21:01:00,2022-03-22 21:03:32,25 - 34,high school,Female,Somewhat familiar,Moderate,Yes,No,No,No,No,No,No,No,Yes,Yes,Alex,No,27,100,60,42,69,18,73,47,27,100,0
AZ2P6DGG5M6SH,inactive,2022-03-22 21:06:14,2022-03-22 21:09:51,35 - 44,high school,Male,Somewhat familiar,A little,Yes,No,No,No,No,No,No,No,Yes,Yes,Alex,No,100,68,54,35,96,69,78,50,100,68,0
A77D5G3AFBIV8,active,2022-03-22 21:09:47,2022-03-22 21:12:17,18 - 24,high school,Male,Somewhat familiar,A little,Yes,No,No,No,No,No,No,No,Yes,Yes,Alex,Yes,,,36,-100,35,-50,2,-33,8,99,0
A24LUXW1DB1QI5,active,2022-03-22 21:11:11,2022-03-22 21:13:27,35 - 44,graduate,Female,Somewhat familiar,None,Yes,No,No,No,No,No,No,No,Yes,Yes,Alex,Yes,,,100,-100,100,-100,100,-100,37,100,0
A1SRQ63M2VV6QP,inactive,2022-03-22 20:46:29,2022-03-22 21:21:39,25 - 34,graduate,Male,Neither familiar  nor unfamiliar,A little,Yes,No,No,No,No,No,No,Yes,Yes,Yes,Alex,No,30,100,2,2,15,2,36,-37,30,100,1
A2GXEIRTHCKDHK,active,2022-03-22 21:21:13,2022-03-22 21:22:59,25 - 34,high school,Male,Somewhat familiar,None,Yes,No,No,No,No,No,No,No,Yes,Yes,Alex,Yes,,,87,-100,57,-88,72,-95,-3,58,0
AKNYT1NTK2UFK,inactive,2022-03-22 21:09:10,2022-03-22 21:24:55,35 - 44,undergraduate,Female,Somewhat familiar,A little,Yes,No,No,No,No,No,No,No,Yes,Yes,Alex,No,32,74,68,-37,40,-17,48,18,32,74,0
A11JIMV1EQESIC,inactive,2022-03-22 21:36:41,2022-03-22 21:39:21,25 - 34,undergraduate,Female,Somewhat familiar,Moderate,Yes,No,No,No,No,No,No,Yes,Yes,Yes,Alex,No,28,100,16,35,25,29,38,46,28,100,1
A2IEWBVCH5DAKB,active,2022-03-22 21:36:45,2022-03-22 21:39:43,45 - 54,undergraduate,Male,Somewhat familiar,None,Yes,No,No,No,No,No,No,No,Yes,Yes,Alex,Yes,,,70,-100,66,-100,43,-100,68,67,0
A2H8PEGI28NKZD,active,2022-03-22 21:36:38,2022-03-22 21:39:49,25 - 34,undergraduate,Female,Somewhat familiar,None,Yes,No,No,No,Yes,No,Yes,No,Yes,Yes,Alex,Yes,,,27,-39,30,66,34,-66,2,95,2
A1NWYNEBQYP836,inactive,2022-03-22 21:36:33,2022-03-22 21:41:05,25 - 34,undergraduate,Male,Completely familiar,Significant,Yes,No,No,No,No,No,No,No,Yes,Yes,Alex,No,36,100,100,-100,100,-100,100,-100,36,100,0
A30XBXE53J85WN,active,2022-03-22 21:36:47,2022-03-22 21:43:30,35 - 44,high school,Female,Neither familiar  nor unfamiliar,None,Yes,No,No,No,No,No,No,No,Yes,Yes,Alex,Yes,,,97,-71,67,-69,69,-94,68,97,0
A3CTC7YNLG63OY,inactive,2022-03-22 21:56:28,2022-03-22 21:58:44,25 - 34,undergraduate,Male,Completely familiar,Extensive,Yes,No,No,No,No,No,No,No,Yes,Yes,Alex,No,100,100,100,-100,100,-100,100,-100,100,100,0
A2WNTI69VVVWMZ,inactive,2022-03-22 22:05:53,2022-03-22 22:07:26,25 - 34,undergraduate,Male,Somewhat familiar,Moderate,Yes,No,No,No,No,No,Yes,No,Yes,Yes,Alex,No,0,100,54,62,31,22,34,-59,0,100,1
A12H9WVHOB0E0O,inactive,2022-03-22 22:56:34,2022-03-22 22:59:16,45 - 54,high school,Female,Somewhat familiar,A little,Yes,No,No,Yes,No,No,Yes,No,Yes,Yes,Alex,No,39,99,100,-24,100,-100,54,-100,39,99,2
A1ZCP2OQXOMAHN,active,2022-03-22 23:05:45,2022-03-22 23:11:56,25 - 34,undergraduate,Female,Somewhat unfamiliar,None,Yes,No,No,No,No,No,No,No,Yes,Yes,Alex,Yes,,,15,69,12,-70,-69,-100,17,67,0
A2B7SPYBPF7H8I,active,2022-03-22 23:25:28,2022-03-22 23:29:32,45 - 54,undergraduate,Female,Somewhat familiar,A little,Yes,No,No,No,No,No,No,No,Yes,Yes,Alex,Yes,,,47,-100,100,-100,43,-100,0,34,0
AH00EJ6PK1H3A,inactive,2022-03-23 16:40:59,2022-03-23 16:43:18,35 - 44,high school,Male,Somewhat unfamiliar,None,Yes,No,No,No,No,No,No,No,Yes,Yes,Alex,No,100,35,100,-100,100,-100,100,-100,100,35,0
A3KPNQGV1DGJD5,inactive,2022-03-23 16:41:58,2022-03-23 16:43:33,35 - 44,high school,Male,Somewhat familiar,A little,Yes,No,No,No,No,No,No,No,Yes,Yes,Alex,No,100,67,2,-100,-3,-100,2,-100,100,67,0
AQ53YJDPDDLZ,active,2022-03-23 16:40:57,2022-03-23 16:43:34,35 - 44,undergraduate,Male,Somewhat familiar,None,Yes,No,No,No,Yes,No,No,No,Yes,Yes,Alex,Yes,,,70,-100,76,-100,75,-100,26,100,1
A2RBNMRC6942T0,active,2022-03-23 16:40:54,2022-03-23 16:43:45,35 - 44,graduate,Male,Somewhat familiar,A little,Yes,No,No,No,No,No,No,No,Yes,Yes,Alex,Yes,,,79,-79,77,-28,74,-49,22,84,0
A3191G66DZEGEB,inactive,2022-03-23 16:41:10,2022-03-23 16:44:01,25 - 34,undergraduate,Male,Somewhat familiar,None,Yes,No,No,No,No,No,No,Yes,Yes,Yes,Alex,No,86,100,75,22,76,-44,70,-49,86,100,1
A1TARNH07A75CG,inactive,2022-03-23 16:41:53,2022-03-23 16:44:02,25 - 34,undergraduate,Male,Completely familiar,A little,Yes,No,No,No,No,No,No,No,Yes,Yes,Alex,No,-65,100,-69,69,-72,65,-67,70,-65,100,0
A2RZ689FKSFOLS,active,2022-03-23 16:41:43,2022-03-23 16:44:03,35 - 44,undergraduate,Female,Neither familiar  nor unfamiliar,Moderate,Yes,No,No,No,No,No,Yes,No,Yes,Yes,Alex,Yes,,,27,-42,28,-63,29,-41,17,93,1
A1UGFNSA16TKA0,active,2022-03-23 16:41:58,2022-03-23 16:44:24,35 - 44,high school,Female,Neither familiar  nor unfamiliar,None,Yes,No,No,No,No,No,No,No,Yes,Yes,Alex,Yes,,,63,-34,82,-41,100,-67,92,100,0
A2WC2NO555XU3J,inactive,2022-03-23 16:42:23,2022-03-23 16:44:34,25 - 34,undergraduate,Female,Somewhat familiar,None,Yes,No,No,No,No,No,No,No,Yes,Yes,Alex,No,100,100,66,-87,94,-69,90,-92,100,100,0
A2ILUP6FN8HKKC,inactive,2022-03-23 16:43:02,2022-03-23 16:44:47,25 - 34,high school,Female,Somewhat familiar,Moderate,Yes,No,No,No,No,No,No,No,Yes,Yes,Alex,No,-39,100,-41,67,-30,72,-25,67,-39,100,0
A3E6KX1ULZAWWO,active,2022-03-23 16:42:14,2022-03-23 16:45:59,25 - 34,graduate,Male,Somewhat familiar,Moderate,Yes,No,No,No,No,No,No,No,Yes,Yes,Alex,Yes,,,72,-84,81,-100,79,-100,100,100,0
A1ADEUEPIFBST3,inactive,2022-03-23 16:43:23,2022-03-23 16:46:11,45 - 54,graduate,Female,Somewhat unfamiliar,None,Yes,No,No,No,No,No,No,Yes,Yes,Yes,Alex,No,1,100,0,-97,-20,-95,-17,-97,1,100,1
AOHS348RVOF6D,active,2022-03-23 16:42:52,2022-03-23 16:46:39,25 - 34,graduate,Male,Somewhat familiar,Moderate,Yes,No,No,No,No,No,No,Yes,Yes,Yes,Alex,Yes,,,56,-72,30,-100,45,-100,47,27,1
A3CJS37DSXQOAZ,inactive,2022-03-23 16:41:48,2022-03-23 16:47:01,25 - 34,high school,Female,Somewhat familiar,None,Yes,No,No,No,No,No,No,No,Yes,Yes,Alex,No,2,100,32,-100,40,-100,37,-100,2,100,0
A282D1111CTH37,inactive,2022-03-23 16:42:18,2022-03-23 16:47:57,Over 55,graduate,Female,Somewhat familiar,Moderate,Yes,No,No,No,No,No,No,No,Yes,Yes,Alex,No,100,100,100,-100,100,-100,100,-100,100,100,0
A2HUJDDGBAAV22,inactive,2022-03-23 16:45:34,2022-03-23 16:48:54,25 - 34,graduate,Male,Neither familiar  nor unfamiliar,A little,Yes,No,No,No,Yes,No,No,No,Yes,Yes,Alex,No,35,29,34,9,34,10,34,11,35,29,1
A278Q2BHCINITH,active,2022-03-23 16:46:28,2022-03-23 16:49:24,45 - 54,graduate,Female,Somewhat unfamiliar,None,Yes,No,No,No,No,No,Yes,No,Yes,Yes,Alex,Yes,,,100,-100,100,-100,100,-100,41,100,1
A1F6MWP9A0XLJQ,inactive,2022-03-23 16:46:32,2022-03-23 16:50:11,35 - 44,undergraduate,Male,Neither familiar  nor unfamiliar,None,Yes,No,No,No,No,No,Yes,No,Yes,Yes,Alex,No,47,100,88,36,82,-31,68,-2,47,100,1
A37R0JYAB3QEX9,active,2022-03-23 16:47:54,2022-03-23 16:50:19,45 - 54,high school,Male,Somewhat unfamiliar,None,Yes,No,No,No,No,No,No,No,Yes,Yes,Alex,Yes,,,100,-100,100,-100,100,-100,70,71,0
ANCIB6B6EBBIJ,inactive,2022-03-23 16:45:23,2022-03-23 16:50:37,35 - 44,graduate,Female,Somewhat familiar,A little,Yes,No,No,No,No,No,No,No,Yes,Yes,Alex,No,72,100,64,-67,100,-66,100,-91,72,100,0
A2QPMJ4GADLUW2,inactive,2022-03-23 16:48:38,2022-03-23 16:51:12,35 - 44,undergraduate,Male,Somewhat familiar,None,Yes,No,No,No,No,No,No,No,Yes,Yes,Alex,No,-36,100,69,-100,67,-100,35,-100,-36,100,0
A341D5E05QH4LR,active,2022-03-23 16:51:07,2022-03-23 16:53:45,18 - 24,undergraduate,Male,Neither familiar  nor unfamiliar,None,Yes,No,No,No,No,No,No,No,Yes,Yes,Alex,Yes,,,26,75,43,32,33,-27,-46,39,0
A5Z9DOJRPICW1,inactive,2022-03-23 16:49:08,2022-03-23 16:53:53,Over 55,high school,Female,Somewhat familiar,Moderate,Yes,No,No,No,No,No,Yes,No,Yes,Yes,Alex,No,38,33,45,-39,50,-57,48,-62,38,33,1
A22DVMN2Y3XHWA,active,2022-03-23 16:52:34,2022-03-23 16:54:55,18 - 24,high school,Female,Somewhat familiar,A little,Yes,No,No,No,No,No,No,No,Yes,Yes,Alex,Yes,,,75,-83,88,-82,75,-86,69,100,0
AIPHJXQEDNW9L,inactive,2022-03-23 16:53:09,2022-03-23 16:55:51,25 - 34,high school,Male,Somewhat familiar,A little,Yes,No,No,No,No,No,No,No,Yes,Yes,Alex,No,69,100,100,-100,100,-100,100,-100,69,100,0
AK3H5QRAROFGP,active,2022-03-23 16:58:35,2022-03-23 17:00:50,25 - 34,undergraduate,Male,Somewhat familiar,None,Yes,No,No,No,No,No,No,No,Yes,Yes,Alex,Yes,,,66,-63,71,-64,68,-63,68,100,0
A1VJ4ZOXP9PUCP,inactive,2022-03-23 16:55:54,2022-03-23 17:01:46,25 - 34,undergraduate,Female,Neither familiar  nor unfamiliar,None,Yes,No,Yes,No,No,No,No,No,Yes,Yes,Alex,No,99,100,100,-81,100,-70,99,-69,99,100,1
A3D3NEQ158WUB0,inactive,2022-03-23 17:03:38,2022-03-23 17:06:00,35 - 44,high school,Male,Somewhat familiar,Moderate,Yes,Yes,No,No,No,No,No,No,Yes,Yes,Alex,No,48,85,74,-53,45,-41,47,-21,48,85,1
ARQR5NIFA1AJ,active,2022-03-23 17:05:00,2022-03-23 17:07:55,35 - 44,graduate,Male,Somewhat familiar,None,Yes,No,No,No,No,No,Yes,No,Yes,Yes,Alex,Yes,,,24,-66,25,-60,19,-94,-25,90,1
AR71NXS6I743E,active,2022-03-23 17:06:20,2022-03-23 17:11:05,45 - 54,undergraduate,Female,Completely familiar,Extensive,Yes,No,No,No,No,No,No,No,Yes,Yes,Alex,Yes,,,-100,-100,-100,-100,-100,-100,-61,100,0
A2SP4BIA2TSRPC,inactive,2022-03-23 17:08:57,2022-03-23 17:13:03,25 - 34,graduate,Male,Somewhat unfamiliar,None,Yes,No,No,No,No,No,No,No,Yes,Yes,Alex,No,57,58,100,-19,62,-23,53,73,57,58,0
A1ODA3Q5H6HTDQ,active,2022-03-23 17:18:11,2022-03-23 17:20:15,25 - 34,undergraduate,Female,Somewhat familiar,Moderate,Yes,No,No,No,No,No,Yes,No,Yes,Yes,Alex,Yes,,,16,62,45,-100,46,-70,100,55,1
A13P6LC1SFXYGS,inactive,2022-03-23 17:15:48,2022-03-23 17:22:20,35 - 44,high school,Male,Neither familiar  nor unfamiliar,A little,Yes,No,No,No,No,No,No,No,Yes,Yes,Alex,No,100,71,100,-69,100,-100,69,-100,100,71,0
A3FY6THWKRYN9M,inactive,2022-03-23 17:24:24,2022-03-23 17:26:37,35 - 44,high school,Female,Somewhat familiar,None,Yes,No,No,No,No,No,No,No,Yes,Yes,Alex,No,68,100,57,-100,100,-100,87,-100,68,100,0
A1USR9JCAMDGM3,inactive,2022-03-23 17:17:59,2022-03-23 17:27:56,35 - 44,high school,Female,Neither familiar  nor unfamiliar,A little,Yes,No,No,No,No,No,No,No,Yes,Yes,Alex,No,100,100,100,-100,100,-100,100,-100,100,100,0
A3QSFE6GKO157S,active,2022-03-23 17:27:15,2022-03-23 17:29:33,25 - 34,undergraduate,Male,Somewhat familiar,Moderate,Yes,No,No,No,No,No,No,No,Yes,Yes,Alex,Yes,,,43,-75,49,-57,72,-100,-19,100,0
AYJGQBBK6KXZ7,inactive,2022-03-23 17:28:37,2022-03-23 17:30:15,35 - 44,undergraduate,Female,Somewhat familiar,None,Yes,No,No,No,No,No,No,No,Yes,Yes,Alex,No,68,77,76,-68,65,-68,79,-65,68,77,0
A2YOVBJ9EXAI8W,active,2022-03-23 17:28:53,2022-03-23 17:30:40,25 - 34,high school,Female,Somewhat familiar,Moderate,Yes,No,No,No,No,No,No,No,Yes,Yes,Alex,Yes,,,48,-17,95,-36,57,-25,71,71,0
A2T11H7YI7QPGD,inactive,2022-03-23 17:33:51,2022-03-23 17:35:18,25 - 34,undergraduate,Male,Somewhat familiar,Significant,Yes,No,No,No,No,No,No,No,Yes,Yes,Alex,No,-32,57,-39,46,27,40,26,80,-32,57,0
A2VBSFSJXLZZ7A,inactive,2022-03-23 17:44:15,2022-03-23 17:46:42,35 - 44,high school,Male,Somewhat familiar,None,Yes,No,No,No,No,No,No,No,Yes,Yes,Alex,No,34,70,58,-38,70,-50,74,-45,34,70,0
AQ2U4H38MELRY,active,2022-03-23 17:43:46,2022-03-23 17:46:54,35 - 44,high school,Male,Completely unfamiliar,None,Yes,No,No,No,No,No,No,No,Yes,Yes,Alex,Yes,,,-8,-100,-14,-100,-1,-100,-32,100,0
A2XKIP0PJ3FJ20,active,2022-03-23 17:42:44,2022-03-23 17:47:30,Over 55,undergraduate,Male,Somewhat unfamiliar,None,Yes,No,No,No,No,No,No,No,Yes,Yes,Alex,Yes,,,27,-70,27,-69,30,-68,4,100,0
AFCMHQWCV6N02,inactive,2022-03-23 17:42:58,2022-03-23 17:47:41,25 - 34,undergraduate,Male,Somewhat familiar,None,Yes,No,No,No,No,No,Yes,No,Yes,Yes,Alex,No,100,81,100,-100,100,-100,100,-100,100,81,1
A2UKCO1M1MEMZW,inactive,2022-03-23 17:43:24,2022-03-23 17:47:51,Over 55,high school,Male,Neither familiar  nor unfamiliar,A little,Yes,No,No,No,No,No,No,No,Yes,Yes,Alex,No,37,100,70,-100,100,-100,67,-33,37,100,0
A3Q1EZDNIUK41P,inactive,2022-03-23 17:51:54,2022-03-23 17:55:23,35 - 44,undergraduate,Female,Somewhat familiar,A little,Yes,No,No,No,No,No,Yes,No,Yes,Yes,Alex,No,100,100,100,-100,100,-100,100,-100,100,100,1
A1G34TESSXG1R8,active,2022-03-23 17:56:43,2022-03-23 18:00:47,25 - 34,high school,Male,Completely familiar,None,Yes,No,No,No,No,No,No,No,Yes,Yes,Alex,Yes,,,100,-100,100,-100,100,-100,0,100,0
A24DSECWUBZC0Z,active,2022-03-23 18:09:54,2022-03-23 18:11:53,35 - 44,high school,Male,Completely familiar,A little,Yes,No,No,No,No,No,No,No,Yes,Yes,Alex,Yes,,,-31,-38,-3,-69,0,-68,-1,100,0
A21STU4Z97J2Z6,inactive,2022-03-23 18:16:07,2022-03-23 18:20:39,25 - 34,high school,Female,Somewhat familiar,None,Yes,No,No,No,No,No,No,No,Yes,Yes,Alex,No,26,100,100,47,100,44,100,24,26,100,0
A2BUHMLNE3LUU0,active,2022-03-23 18:20:04,2022-03-23 18:27:09,18 - 24,undergraduate,Female,Somewhat familiar,A little,Yes,No,No,No,No,No,No,Yes,Yes,Yes,Alex,Yes,,,100,100,100,-100,100,-100,100,100,1
AGTKSA15G1LBN,inactive,2022-03-23 18:40:24,2022-03-23 18:42:30,18 - 24,high school,Male,Somewhat familiar,A little,Yes,No,No,No,No,No,Yes,Yes,Yes,Yes,Alex,No,62,69,18,21,42,37,46,52,62,69,2
